,time,lat,lon,depth,mag
0,2014-12-31T06:27:41.700000Z,34.6303,-118.6233,12600.0,3.1
1,2014-12-30T23:26:17.810000Z,33.5762,-118.2761,17300.0,4.0
2,2014-12-30T00:12:02.390000Z,35.9243,-117.218,1000.0,3.5
3,2014-12-23T07:59:00.730000Z,34.0259,-117.2206,19100.0,3.0
4,2014-12-15T10:09:33.710000Z,33.4562,-118.081,8800.0,3.0
5,2014-12-12T19:08:30.920000Z,34.0295,-116.9782,19800.0,3.0
6,2014-12-07T12:59:05.500000Z,35.9941,-117.9183,3400.0,3.1
7,2014-12-06T12:23:19.080000Z,34.8222,-116.4207,11100.0,3.5
8,2014-12-05T19:58:13.180000Z,33.8717,-117.7106,10000.0,3.0
9,2014-12-04T16:53:20.530000Z,33.959,-116.6317,19200.0,3.6
10,2014-11-18T04:18:45.400000Z,33.756,-116.008,20000.0,3.0
11,2014-11-10T08:42:43.120000Z,32.8661,-118.6228,12600.0,3.7
12,2014-11-10T08:40:13.680000Z,32.8544,-118.6258,15600.0,3.5
13,2014-11-03T08:53:35.040000Z,34.0036,-117.2337,19300.0,3.2
14,2014-10-25T11:07:35.280000Z,34.2866,-117.0336,16400.0,3.1
15,2014-10-17T13:03:48.610000Z,35.0153,-116.5052,15700.0,3.0
16,2014-10-12T20:16:04.000000Z,34.014,-116.313,17300.0,3.2
17,2014-10-11T21:02:44.560000Z,34.0268,-116.6524,16300.0,3.1
18,2014-10-06T11:35:21.590000Z,35.6686,-117.5286,14400.0,3.8
19,2014-10-02T05:12:32.370000Z,33.1529,-118.2859,11700.0,3.2
20,2014-09-25T04:05:54.720000Z,34.6935,-116.2435,4400.0,3.0
21,2014-09-15T00:56:56.290000Z,35.8986,-117.9885,12800.0,3.2
22,2014-09-14T22:16:55.020000Z,33.7939,-116.9625,18000.0,3.0
23,2014-09-12T12:20:04.040000Z,35.4061,-117.7955,12900.0,3.2
24,2014-09-09T16:08:30.690000Z,33.7603,-116.1175,16500.0,3.4
25,2014-09-08T04:18:56.140000Z,34.5029,-118.7849,17700.0,3.7
26,2014-09-07T12:13:54.630000Z,32.1871,-117.6511,7900.0,4.1
27,2014-09-06T05:38:46.570000Z,34.3342,-119.5349,9000.0,3.0
28,2014-09-03T02:38:35.360000Z,33.7886,-116.9674,16900.0,3.6
29,2014-08-25T02:50:40.510000Z,33.6646,-118.2717,10700.0,3.3
30,2014-08-18T04:55:56.420000Z,34.3333,-116.8291,7900.0,3.7
31,2014-08-15T17:03:35.260000Z,33.9191,-118.7634,14900.0,3.3
32,2014-08-15T03:57:18.460000Z,34.3113,-116.42,9000.0,3.8
33,2014-08-12T20:58:49.890000Z,35.9758,-116.0966,5500.0,3.1
34,2014-08-09T16:46:28.810000Z,35.1652,-118.6594,8600.0,3.2
35,2014-08-07T21:45:53.410000Z,33.4756,-116.4776,12600.0,3.3
36,2014-08-03T21:13:44.660000Z,35.8377,-119.8165,11100.0,3.1
37,2014-07-28T06:45:41.800000Z,32.997,-117.646,0.0,3.2
38,2014-07-24T19:20:14.320000Z,32.9001,-116.281,8700.0,3.4
39,2014-07-21T02:55:12.800000Z,32.411,-117.705,16800.0,3.1
40,2014-07-20T19:43:21.940000Z,35.5188,-116.2577,4500.0,3.2
41,2014-07-20T09:18:21.300000Z,32.8969,-116.291,16300.0,3.0
42,2014-07-17T14:24:33.800000Z,33.4026,-116.4363,15100.0,3.3
43,2014-07-10T20:41:42.910000Z,33.4912,-116.5089,18100.0,3.0
44,2014-07-07T08:51:04.890000Z,34.2716,-117.0282,17100.0,3.1
45,2014-07-05T17:00:26.100000Z,34.2749,-117.0105,11100.0,4.9
46,2014-07-05T16:59:34.930000Z,34.198,-116.9374,10600.0,4.5
47,2014-06-28T06:06:15.310000Z,35.1403,-118.1658,10800.0,3.0
48,2014-06-27T15:17:23.130000Z,35.3981,-118.5163,11900.0,3.9
49,2014-06-25T22:01:34.810000Z,35.796,-119.8494,6600.0,3.5
50,2014-06-25T17:02:52.320000Z,35.8262,-119.818,11800.0,3.1
51,2014-06-25T14:34:56.260000Z,35.8247,-119.8178,14400.0,3.2
52,2014-06-25T10:12:23.280000Z,35.8255,-119.8118,17400.0,3.4
53,2014-06-25T03:56:51.440000Z,35.8498,-119.7929,17700.0,3.1
54,2014-06-17T23:57:47.040000Z,35.0199,-119.3271,7800.0,3.3
55,2014-06-13T13:35:19.770000Z,34.3008,-117.4961,15400.0,3.5
56,2014-06-11T09:38:05.640000Z,35.0028,-116.9219,10300.0,4.0
57,2014-06-05T13:19:39.750000Z,35.3364,-118.5573,16100.0,3.1
58,2014-06-02T02:36:44.120000Z,34.0874,-118.5024,9700.0,4.2
59,2014-05-31T02:59:28.930000Z,33.5697,-118.37,18200.0,3.8
60,2014-05-19T20:08:50.830000Z,34.2557,-116.82,13200.0,3.8
61,2014-05-19T20:08:37.250000Z,34.2584,-116.8338,13500.0,3.1
62,2014-05-09T04:49:32.400000Z,33.9127,-116.7249,19200.0,3.0
63,2014-05-08T06:39:24.580000Z,33.9501,-118.1827,18100.0,3.4
64,2014-05-06T10:48:19.330000Z,35.4539,-118.3555,10800.0,3.6
65,2014-04-22T09:59:59.280000Z,34.1415,-117.4545,7600.0,3.0
66,2014-04-20T05:12:18.160000Z,35.4662,-118.5218,3600.0,3.3
67,2014-04-19T12:15:12.530000Z,35.4309,-118.4995,2100.0,4.1
68,2014-04-18T07:39:44.990000Z,32.1235,-116.3492,18000.0,3.6
69,2014-04-11T23:53:15.250000Z,33.1967,-116.0835,4300.0,3.1
70,2014-04-08T19:06:18.950000Z,35.651,-118.4456,7500.0,3.1
71,2014-04-03T17:57:55.420000Z,34.141,-117.4593,7000.0,3.0
72,2014-04-03T17:08:01.510000Z,34.0475,-118.9463,17400.0,3.1
73,2014-04-01T18:30:44.560000Z,33.8954,-117.9548,15600.0,3.0
74,2014-03-30T06:17:31.730000Z,33.8886,-117.9425,13600.0,3.1
75,2014-03-30T05:51:23.090000Z,33.8908,-117.958,14300.0,3.4
76,2014-03-29T21:32:46.680000Z,33.9421,-117.8903,16400.0,4.4
77,2014-03-29T16:02:06.370000Z,33.8837,-117.9665,19000.0,3.5
78,2014-03-29T05:37:14.070000Z,33.9177,-117.8917,17900.0,3.1
79,2014-03-29T04:30:52.220000Z,33.9117,-117.8912,11800.0,3.7
80,2014-03-29T04:11:53.790000Z,33.9392,-117.8972,11500.0,3.2
81,2014-03-29T04:09:43.970000Z,33.8845,-117.9228,13500.0,5.1
82,2014-03-29T03:03:39.680000Z,33.9307,-117.9456,16800.0,3.7
83,2014-03-17T13:25:37.370000Z,34.1238,-118.4751,15200.0,4.6
84,2014-03-16T21:55:32.530000Z,32.8855,-116.2154,12500.0,3.4
85,2014-03-15T15:12:19.370000Z,34.5939,-118.6207,11200.0,4.0
86,2014-03-08T04:16:31.410000Z,33.9633,-118.4241,16100.0,3.2
87,2014-03-07T17:58:31.230000Z,35.9578,-117.3008,10600.0,3.2
88,2014-03-05T09:17:01.960000Z,33.9197,-116.352,14200.0,3.0
89,2014-03-04T22:51:02.620000Z,35.9719,-117.3061,8500.0,3.1
90,2014-03-04T22:49:31.110000Z,35.9823,-117.2724,3700.0,3.9
91,2014-03-04T22:42:55.570000Z,35.962,-117.3025,10400.0,3.4
92,2014-02-20T00:34:41.570000Z,35.3051,-118.4918,7900.0,3.7
93,2014-02-09T06:26:51.000000Z,32.954,-116.548,10000.0,3.2
94,2014-02-08T18:13:07.590000Z,34.0697,-118.2845,14500.0,3.0
95,2014-02-04T05:31:18.310000Z,35.0164,-119.1075,16300.0,3.6
96,2014-02-03T06:59:17.340000Z,34.0523,-117.5505,18500.0,3.1
97,2014-02-01T01:25:17.400000Z,34.2211,-119.5516,21900.0,3.1
98,2014-01-29T14:22:25.690000Z,34.2344,-119.559,14800.0,3.0
99,2014-01-27T23:35:33.490000Z,35.3137,-118.4938,13700.0,3.4
100,2014-01-27T12:42:37.630000Z,33.6279,-116.7413,18400.0,3.0
101,2014-01-16T09:50:03.870000Z,34.1284,-117.439,13300.0,3.3
102,2014-01-16T07:40:05.540000Z,33.8201,-117.6856,18700.0,3.8
103,2014-01-15T09:35:19.480000Z,34.1433,-117.4472,10700.0,4.3
104,2014-01-03T19:47:59.770000Z,33.9736,-118.4557,16600.0,3.0
105,2014-01-01T15:47:15.990000Z,35.6587,-118.4702,11700.0,3.1
106,2013-12-31T09:21:08.090000Z,33.4886,-116.4821,12600.0,3.0
107,2013-12-30T23:44:21.080000Z,33.6821,-116.7461,20800.0,3.5
108,2013-12-30T18:32:34.640000Z,33.3761,-116.3355,15800.0,3.2
109,2013-12-26T00:18:19.120000Z,32.4171,-116.2436,15500.0,3.5
110,2013-12-13T07:49:55.350000Z,35.7531,-119.836,4600.0,4.1
111,2013-11-30T15:10:12.470000Z,33.0064,-116.4343,14600.0,3.0
112,2013-11-30T11:36:35.170000Z,33.0171,-116.4407,11800.0,3.1
113,2013-11-19T07:10:52.270000Z,32.6781,-118.2482,18200.0,3.1
114,2013-11-04T22:29:42.910000Z,34.1953,-117.0149,11900.0,3.0
115,2013-11-02T18:23:10.690000Z,34.7097,-116.2718,11000.0,3.2
116,2013-10-10T01:34:21.940000Z,35.6684,-118.4604,10500.0,3.5
117,2013-10-06T16:42:43.930000Z,34.7173,-116.1535,1000.0,3.3
118,2013-10-06T16:41:51.240000Z,34.703,-116.2757,8500.0,3.6
119,2013-10-06T02:06:21.820000Z,34.7018,-116.2729,6800.0,4.3
120,2013-10-04T08:55:22.810000Z,33.7239,-117.7202,4200.0,3.2
121,2013-10-02T06:12:40.800000Z,32.1656,-117.6183,1300.0,3.3
122,2013-09-29T08:41:31.180000Z,32.9155,-116.2597,6000.0,3.5
123,2013-09-29T00:36:15.550000Z,32.9221,-116.2485,3900.0,3.2
124,2013-09-22T13:10:09.570000Z,33.449,-116.586,14400.0,3.3
125,2013-09-20T06:10:42.700000Z,33.3283,-116.3931,14200.0,3.8
126,2013-09-19T12:06:33.110000Z,34.053,-117.7875,5200.0,3.9
127,2013-09-19T11:43:54.830000Z,34.0206,-117.7856,3800.0,3.8
128,2013-09-18T12:53:35.250000Z,32.8864,-116.196,9300.0,3.0
129,2013-09-10T22:49:58.540000Z,35.7609,-117.5941,12200.0,3.0
130,2013-09-04T04:04:52.320000Z,33.2794,-116.3952,12000.0,3.1
131,2013-08-25T18:59:18.390000Z,35.4618,-118.2699,1800.0,3.7
132,2013-08-25T18:50:28.210000Z,35.483,-118.2079,600.0,4.1
133,2013-08-22T13:29:22.360000Z,33.3999,-117.0974,10900.0,3.6
134,2013-08-20T07:11:54.160000Z,35.4708,-118.2814,3700.0,3.1
135,2013-08-16T14:40:25.300000Z,35.4723,-118.2767,8400.0,3.2
136,2013-08-12T07:32:34.490000Z,35.9624,-117.743,3600.0,4.1
137,2013-08-10T16:32:59.050000Z,32.8936,-116.2137,13200.0,3.1
138,2013-08-10T14:10:08.290000Z,32.8885,-116.2345,11200.0,3.7
139,2013-08-10T14:09:17.230000Z,32.8582,-116.201,12900.0,3.8
140,2013-07-28T17:31:43.780000Z,35.482,-118.288,3500.0,3.1
141,2013-07-24T16:46:01.750000Z,35.478,-118.305,700.0,4.2
142,2013-07-22T01:59:48.000000Z,33.942,-116.736,18300.0,3.1
143,2013-07-13T17:07:12.100000Z,33.006,-116.985,10000.0,3.5
144,2013-07-05T07:41:17.400000Z,34.905,-119.211,14000.0,3.0
145,2013-06-29T20:25:06.790000Z,33.249,-116.005,1800.0,3.1
146,2013-06-28T17:45:48.000000Z,33.625,-116.696,15600.0,3.2
147,2013-06-19T19:11:50.790000Z,34.009,-117.172,4400.0,3.0
148,2013-05-31T13:24:52.200000Z,33.686,-119.13,10700.0,3.1
149,2013-05-30T03:19:02.000000Z,34.42,-119.934,10600.0,3.1
150,2013-05-29T14:38:03.890000Z,34.4081,-119.7972,19700.0,4.9
151,2013-05-26T01:58:30.900000Z,35.158,-116.839,1800.0,3.2
152,2013-05-18T09:41:02.290000Z,33.583,-118.379,300.0,3.3
153,2013-05-16T10:04:58.000000Z,34.858,-119.239,12700.0,3.2
154,2013-05-15T20:00:06.470000Z,33.6527,-118.3663,7300.0,3.8
155,2013-05-15T16:20:05.090000Z,33.979,-116.767,17900.0,3.1
156,2013-05-07T09:06:08.660000Z,34.4493,-119.2948,17700.0,3.7
157,2013-05-03T05:57:53.250000Z,33.981,-118.782,13000.0,3.1
158,2013-04-27T02:52:18.090000Z,33.958,-118.418,11900.0,3.1
159,2013-04-25T18:59:43.900000Z,33.646,-116.74,16900.0,3.0
160,2013-04-15T13:21:18.090000Z,35.491,-118.394,9400.0,3.1
161,2013-04-07T20:45:18.000000Z,34.712,-116.287,1700.0,3.2
162,2013-04-07T19:14:02.510000Z,33.782,-116.0812,4800.0,3.5
163,2013-03-27T18:16:58.450000Z,33.4543,-116.4406,8500.0,3.6
164,2013-03-27T17:50:29.130000Z,33.495,-116.445,8500.0,3.4
165,2013-03-26T22:49:59.700000Z,32.554,-116.768,5000.0,3.4
166,2013-03-13T04:21:13.590000Z,33.513,-116.475,11800.0,3.3
167,2013-03-11T16:56:05.860000Z,33.4826,-116.4524,10200.0,4.7
168,2013-03-04T23:17:40.080000Z,34.0043,-117.2432,16000.0,3.4
169,2013-03-01T21:55:27.110000Z,35.8226,-116.7891,10000.0,3.3
170,2013-02-26T20:18:47.800000Z,33.9792,-117.226,3300.0,3.6
171,2013-02-23T04:40:12.710000Z,32.0607,-117.6704,1600.0,4.0
172,2013-02-21T20:57:38.230000Z,33.243,-116.0196,5400.0,3.5
173,2013-02-17T17:04:51.800000Z,33.0144,-116.3009,17000.0,3.2
174,2013-02-14T07:40:57.070000Z,34.784,-118.629,4800.0,3.0
175,2013-01-23T22:28:36.530000Z,32.921,-117.498,15400.0,3.0
176,2013-01-21T01:25:57.560000Z,34.786,-119.481,13300.0,3.2
177,2013-01-17T02:10:02.400000Z,34.008,-117.13,13900.0,3.0
178,2013-01-16T11:25:40.150000Z,35.4767,-118.2805,5100.0,3.6
179,2013-01-05T09:59:32.290000Z,33.613,-116.664,3800.0,3.3
180,2012-12-22T21:37:44.580000Z,33.0312,-116.2258,10500.0,3.9
181,2012-11-30T03:19:47.550000Z,33.732,-118.816,1800.0,3.2
182,2012-11-27T00:58:32.450000Z,34.368,-117.179,7600.0,3.4
183,2012-11-26T15:33:50.700000Z,33.004,-116.235,6200.0,3.6
184,2012-11-09T11:39:10.590000Z,34.339,-118.484,1100.0,3.2
185,2012-11-06T02:39:15.590000Z,33.889,-118.56,11300.0,3.3
186,2012-11-04T17:03:01.790000Z,34.17,-117.667,3000.0,3.0
187,2012-10-28T15:24:23.710000Z,34.3286,-118.4537,10800.0,3.9
188,2012-10-28T07:47:02.300000Z,33.6822,-116.809,16300.0,3.9
189,2012-10-09T13:00:02.200000Z,33.71,-117.349,13400.0,3.3
190,2012-10-08T00:39:07.820000Z,33.0192,-116.2998,14200.0,4.2
191,2012-10-05T01:17:21.740000Z,35.9256,-117.6746,7200.0,3.5
192,2012-10-02T08:28:14.970000Z,32.8119,-116.1496,9800.0,4.1
193,2012-09-07T07:03:09.980000Z,34.066,-118.398,1500.0,3.5
194,2012-09-03T10:26:55.790000Z,34.068,-118.391,2400.0,3.3
195,2012-08-29T20:30:58.560000Z,33.809,-117.8101,4700.0,3.3
196,2012-08-29T01:34:35.440000Z,35.844,-117.778,9400.0,3.3
197,2012-08-28T09:36:17.960000Z,35.9937,-118.38,4500.0,3.3
198,2012-08-26T09:53:13.930000Z,33.871,-116.197,8400.0,3.3
199,2012-08-21T02:40:14.290000Z,34.255,-117.073,3600.0,3.1
200,2012-08-18T14:45:16.900000Z,34.429,-119.1,14600.0,3.0
201,2012-08-13T14:03:47.760000Z,35.9369,-117.6532,1600.0,3.5
202,2012-08-11T15:33:03.590000Z,33.828,-118.571,8500.0,3.4
203,2012-08-08T16:51:04.260000Z,33.901,-117.789,9500.0,3.4
204,2012-08-08T16:33:20.660000Z,33.8509,-117.7831,5900.0,4.3
205,2012-08-08T06:23:32.100000Z,33.8153,-117.8329,1300.0,4.1
206,2012-08-04T09:17:49.090000Z,35.536,-118.404,1300.0,3.1
207,2012-07-25T10:18:41.120000Z,33.9316,-118.406,13200.0,3.7
208,2012-07-22T03:00:37.590000Z,34.089,-116.392,10800.0,3.1
209,2012-07-19T13:23:06.790000Z,34.209,-117.555,12300.0,3.1
210,2012-07-12T17:54:28.520000Z,34.0567,-116.4184,13600.0,3.5
211,2012-07-08T10:50:03.090000Z,33.961,-116.132,6900.0,3.2
212,2012-07-07T22:06:12.590000Z,33.866,-119.31,100.0,3.2
213,2012-07-05T18:18:08.540000Z,34.3017,-116.8415,10000.0,3.5
214,2012-07-04T09:04:42.970000Z,33.3824,-116.267,12500.0,3.4
215,2012-06-26T04:22:20.290000Z,34.062,-116.366,7300.0,3.2
216,2012-06-19T04:01:37.080000Z,33.0617,-116.0486,11300.0,3.3
217,2012-06-14T03:17:15.590000Z,33.8772,-117.7831,13600.0,3.2
218,2012-06-10T04:33:58.950000Z,34.9644,-116.7054,12100.0,3.1
219,2012-06-06T01:31:40.670000Z,35.7873,-116.2655,12800.0,3.0
220,2012-05-31T06:42:55.270000Z,33.1742,-118.823,16900.0,3.5
221,2012-05-30T05:14:00.290000Z,33.6631,-119.0408,10000.0,3.5
222,2012-05-27T13:05:47.670000Z,34.932,-116.7193,9300.0,3.8
223,2012-05-24T05:45:27.290000Z,34.9479,-116.7156,13700.0,3.2
224,2012-05-21T10:47:06.860000Z,34.9544,-118.5715,10600.0,3.6
225,2012-05-21T06:19:58.500000Z,33.476,-116.487,15500.0,3.4
226,2012-05-18T10:37:09.590000Z,33.2446,-116.4598,4300.0,3.6
227,2012-05-08T23:55:42.550000Z,34.16,-116.424,8100.0,3.1
228,2012-04-28T15:07:27.050000Z,34.1428,-117.4512,11100.0,4.0
229,2012-04-24T19:44:07.830000Z,33.694,-116.8577,7500.0,3.2
230,2012-04-23T17:37:00.570000Z,33.5095,-117.7336,1600.0,3.3
231,2012-04-22T16:18:32.320000Z,33.304,-116.4038,5900.0,3.4
232,2012-04-19T11:45:35.090000Z,33.799,-116.094,1500.0,3.1
233,2012-04-17T00:12:02.570000Z,35.4135,-119.3606,9500.0,3.4
234,2012-04-12T18:53:00.470000Z,33.4471,-116.4696,10600.0,3.5
235,2012-04-04T01:12:08.980000Z,33.84,-116.1588,700.0,3.5
236,2012-04-03T15:15:36.940000Z,33.8298,-116.1163,4700.0,3.1
237,2012-03-31T09:53:26.700000Z,33.691,-119.136,11400.0,3.1
238,2012-03-31T02:15:09.450000Z,34.006,-118.831,12200.0,3.0
239,2012-03-30T06:09:27.340000Z,33.304,-116.879,15100.0,3.3
240,2012-03-28T10:09:52.640000Z,32.999,-116.4163,16100.0,3.3
241,2012-03-27T20:30:33.400000Z,34.152,-117.45,13700.0,3.4
242,2012-03-15T06:31:22.950000Z,33.2338,-116.1053,12200.0,3.4
243,2012-03-15T06:30:32.330000Z,33.2508,-116.0885,13600.0,3.5
244,2012-02-28T20:15:32.000000Z,33.8993,-119.3889,17000.0,3.5
245,2012-02-12T09:36:41.810000Z,32.7719,-116.0993,15300.0,3.0
246,2012-01-08T01:59:53.620000Z,33.7186,-116.0488,11600.0,3.5
247,2012-01-06T16:58:53.300000Z,33.7169,-116.0407,5400.0,3.5
248,2012-01-06T02:47:51.070000Z,34.002,-116.337,4900.0,3.0
249,2012-01-06T02:14:07.730000Z,34.3716,-119.8044,18200.0,3.0
250,2012-01-03T14:18:55.990000Z,33.2091,-119.4159,15000.0,3.8
251,2011-12-26T12:32:20.400000Z,34.007,-116.323,10200.0,3.2
252,2011-12-20T08:32:22.660000Z,34.0128,-117.5826,14700.0,3.6
253,2011-11-29T06:56:09.000000Z,33.633,-119.056,15800.0,3.4
254,2011-11-19T20:32:18.680000Z,33.2256,-116.2734,5300.0,3.9
255,2011-11-18T14:14:35.900000Z,32.787,-116.141,6000.0,3.1
256,2011-11-18T04:33:20.790000Z,35.1788,-119.3745,4600.0,3.0
257,2011-11-14T04:59:18.120000Z,33.97,-117.226,12000.0,3.1
258,2011-11-08T18:27:31.330000Z,32.9074,-116.3127,17200.0,3.0
259,2011-11-01T23:25:22.520000Z,33.3677,-116.3002,13300.0,3.0
260,2011-11-01T15:38:21.860000Z,35.6885,-117.5834,11400.0,4.1
261,2011-10-22T21:32:58.060000Z,32.9284,-116.3619,16900.0,3.0
262,2011-10-18T16:19:37.890000Z,32.8662,-116.216,18800.0,3.6
263,2011-10-17T21:25:33.670000Z,34.6844,-116.2761,7100.0,3.5
264,2011-10-17T20:05:56.910000Z,34.6814,-116.2834,7400.0,4.0
265,2011-10-17T17:33:10.330000Z,32.9077,-116.4014,23100.0,3.1
266,2011-10-11T10:12:02.380000Z,34.72,-116.028,7600.0,3.4
267,2011-10-09T11:47:01.330000Z,33.727,-119.389,6000.0,3.0
268,2011-10-08T18:55:22.000000Z,35.494,-118.398,2800.0,3.0
269,2011-10-05T07:36:19.320000Z,33.479,-116.454,14700.0,3.2
270,2011-09-27T20:17:40.200000Z,34.31,-116.975,5700.0,3.2
271,2011-09-27T01:55:35.590000Z,34.52,-118.799,16600.0,3.0
272,2011-09-25T18:23:35.340000Z,34.496,-118.434,5100.0,3.4
273,2011-09-15T09:56:41.130000Z,33.633,-117.8549,10800.0,3.5
274,2011-09-14T14:44:50.440000Z,33.9368,-117.0821,8800.0,3.7
275,2011-09-01T21:35:34.500000Z,34.353,-118.452,1500.0,3.0
276,2011-09-01T20:47:08.230000Z,34.3314,-118.4332,8900.0,4.3
277,2011-08-18T21:43:49.000000Z,33.767,-118.133,4000.0,3.0
278,2011-08-09T23:30:37.270000Z,32.0186,-116.3266,7300.0,4.3
279,2011-08-07T19:25:24.630000Z,33.632,-118.515,3100.0,3.3
280,2011-08-07T09:16:22.450000Z,34.959,-119.082,3700.0,3.0
281,2011-08-01T01:47:46.490000Z,32.8937,-116.2435,16300.0,3.4
282,2011-07-23T07:36:40.340000Z,33.87,-118.285,15100.0,3.2
283,2011-07-22T09:08:35.450000Z,32.8025,-116.124,14100.0,4.0
284,2011-07-15T12:03:11.960000Z,33.755,-116.934,15200.0,3.1
285,2011-07-11T01:58:52.850000Z,32.8228,-116.109,16400.0,4.1
286,2011-07-07T17:22:25.530000Z,35.388,-117.84,5900.0,3.3
287,2011-07-04T23:35:40.930000Z,33.0304,-118.004,8800.0,3.7
288,2011-06-25T18:36:10.900000Z,35.923,-117.74,4500.0,3.2
289,2011-06-23T19:11:20.500000Z,33.0041,-116.334,11100.0,3.6
290,2011-06-22T02:00:24.950000Z,32.037,-116.6811,5000.0,3.1
291,2011-06-18T00:58:22.640000Z,34.511,-119.079,3000.0,3.4
292,2011-06-17T17:38:49.770000Z,32.9843,-116.2716,15000.0,3.7
293,2011-06-14T08:25:40.650000Z,33.69,-116.74,18100.0,3.6
294,2011-06-11T08:17:48.240000Z,33.623,-119.043,10700.0,3.6
295,2011-06-06T07:09:10.620000Z,33.915,-118.274,25000.0,3.5
296,2011-06-05T13:53:19.590000Z,33.984,-116.562,12500.0,3.0
297,2011-06-02T23:38:51.000000Z,34.219,-116.754,3000.0,3.1
298,2011-05-27T23:17:24.500000Z,34.2238,-117.0249,8400.0,3.2
299,2011-05-22T04:13:07.300000Z,33.273,-116.624,14300.0,3.6
300,2011-05-21T01:09:21.530000Z,33.5222,-119.0983,16100.0,3.7
301,2011-05-15T04:07:55.820000Z,35.144,-116.863,2600.0,3.3
302,2011-05-13T09:56:51.660000Z,34.832,-116.378,4000.0,3.2
303,2011-05-13T04:38:07.660000Z,35.349,-118.564,6400.0,3.0
304,2011-05-05T17:28:32.750000Z,32.8762,-116.2073,16200.0,3.1
305,2011-05-03T08:27:31.540000Z,34.056,-117.8544,13100.0,3.0
306,2011-04-26T16:16:43.980000Z,35.98,-117.667,8200.0,3.2
307,2011-04-23T20:49:28.680000Z,33.0214,-116.2552,14600.0,3.6
308,2011-04-15T11:47:24.860000Z,33.4607,-116.4237,11800.0,3.2
309,2011-04-14T06:19:51.800000Z,32.705,-116.003,4000.0,3.1
310,2011-04-03T15:46:59.300000Z,32.944,-116.143,20000.0,3.3
311,2011-03-31T23:34:03.700000Z,34.3218,-116.8375,2900.0,3.2
312,2011-03-29T10:43:23.660000Z,33.1796,-116.7369,8500.0,3.7
313,2011-03-22T06:26:10.730000Z,33.981,-118.814,10000.0,3.3
314,2011-03-18T21:02:29.100000Z,33.211,-116.213,16200.0,3.3
315,2011-03-11T04:51:25.410000Z,35.351,-118.561,5400.0,3.4
316,2011-03-03T20:17:35.880000Z,34.468,-116.516,10600.0,3.4
317,2011-02-19T22:57:13.320000Z,34.314,-118.721,8700.0,3.3
318,2011-02-13T09:23:58.360000Z,32.9814,-116.3304,11800.0,3.5
319,2011-02-12T17:30:42.980000Z,33.6797,-116.834,16800.0,3.7
320,2011-02-01T00:10:38.000000Z,33.565,-118.315,3000.0,3.1
321,2011-01-27T15:29:45.140000Z,35.08,-118.9989,14500.0,3.2
322,2011-01-25T22:24:01.400000Z,34.336,-116.456,3200.0,3.0
323,2011-01-11T16:52:59.110000Z,33.859,-118.458,14100.0,3.0
324,2011-01-10T11:26:04.270000Z,33.2001,-116.7404,13200.0,3.1
325,2011-01-03T11:38:12.410000Z,33.825,-116.986,12700.0,3.3
326,2010-12-30T17:37:20.000000Z,32.983,-116.347,14300.0,3.8
327,2010-12-28T08:36:49.140000Z,34.4813,-118.7089,17100.0,3.6
328,2010-12-23T03:39:35.430000Z,33.3686,-116.4139,7300.0,3.2
329,2010-12-21T11:01:48.820000Z,32.9327,-116.2435,16200.0,3.4
330,2010-12-16T07:15:07.290000Z,34.031,-118.937,3000.0,3.3
331,2010-12-10T18:44:37.740000Z,33.1447,-116.4591,14700.0,3.9
332,2010-12-01T20:53:10.310000Z,35.9442,-117.6581,6200.0,3.3
333,2010-12-01T19:31:34.430000Z,34.017,-117.227,16900.0,3.1
334,2010-11-19T00:56:53.800000Z,33.3711,-116.3609,14300.0,3.8
335,2010-11-17T23:58:42.250000Z,32.9918,-116.4509,13500.0,3.7
336,2010-11-17T09:46:14.540000Z,33.987,-117.159,14600.0,3.2
337,2010-11-05T16:06:37.050000Z,33.7718,-118.1431,16400.0,3.7
338,2010-10-31T00:42:35.420000Z,34.992,-116.949,8200.0,3.0
339,2010-10-25T13:45:34.890000Z,35.0352,-119.0453,16900.0,3.7
340,2010-10-13T12:07:29.400000Z,32.748,-116.051,5000.0,3.0
341,2010-10-12T22:24:13.700000Z,35.963,-117.663,3000.0,3.0
342,2010-10-12T06:58:59.600000Z,33.006,-116.486,7000.0,3.1
343,2010-10-06T17:58:06.050000Z,33.1297,-116.4393,13400.0,3.9
344,2010-10-02T07:45:28.810000Z,33.1061,-116.4958,13900.0,3.0
345,2010-09-16T15:54:54.360000Z,35.8431,-117.6626,3600.0,3.9
346,2010-09-12T22:44:53.360000Z,34.73,-116.773,4000.0,3.1
347,2010-09-07T17:29:12.900000Z,35.7617,-116.9137,7400.0,3.5
348,2010-09-06T11:52:12.680000Z,35.5186,-116.7454,14900.0,3.0
349,2010-08-31T08:22:29.530000Z,34.225,-119.517,11800.0,3.0
350,2010-08-28T16:38:55.810000Z,32.4865,-118.09,10000.0,3.1
351,2010-08-26T14:34:28.570000Z,32.8347,-116.0285,13500.0,3.7
352,2010-08-24T05:42:16.050000Z,33.5083,-119.0093,8600.0,3.9
353,2010-08-21T13:59:45.570000Z,33.882,-116.693,12900.0,3.6
354,2010-08-17T19:28:47.010000Z,34.388,-117.502,13900.0,3.1
355,2010-08-16T10:54:55.520000Z,33.169,-119.324,6000.0,3.1
356,2010-08-11T20:47:20.270000Z,33.373,-116.413,9800.0,3.4
357,2010-08-06T17:39:30.150000Z,33.9708,-116.4187,10900.0,4.1
358,2010-08-01T22:42:43.120000Z,33.964,-117.76,12300.0,3.1
359,2010-07-22T10:49:20.800000Z,34.479,-116.267,8300.0,3.1
360,2010-07-12T05:50:29.240000Z,33.478,-116.442,9100.0,3.0
361,2010-07-10T13:24:53.880000Z,33.107,-116.424,9400.0,3.0
362,2010-07-08T02:34:35.980000Z,33.458,-116.476,12900.0,3.3
363,2010-07-07T23:57:23.040000Z,33.391,-116.451,13800.0,3.0
364,2010-07-07T23:53:34.280000Z,33.3809,-116.5054,7000.0,5.5
365,2010-07-02T03:27:08.480000Z,32.8839,-116.2195,14600.0,3.5
366,2010-07-01T07:51:29.940000Z,35.4879,-118.445,3200.0,3.7
367,2010-06-27T12:22:12.610000Z,35.1938,-118.5908,9800.0,3.8
368,2010-06-25T18:38:29.820000Z,33.964,-117.759,11600.0,3.1
369,2010-06-24T15:11:14.540000Z,32.0162,-117.1813,6500.0,3.7
370,2010-06-24T12:14:27.570000Z,34.131,-117.447,7900.0,3.3
371,2010-06-18T15:14:39.980000Z,33.391,-116.417,10000.0,3.4
372,2010-06-17T01:44:04.620000Z,35.203,-118.603,6300.0,3.5
373,2010-06-15T16:23:44.330000Z,33.392,-116.435,7000.0,3.1
374,2010-06-13T08:54:57.600000Z,32.054,-116.281,16100.0,3.2
375,2010-06-13T03:09:20.360000Z,33.392,-116.395,5600.0,4.2
376,2010-06-13T03:08:56.960000Z,33.3753,-116.4259,13500.0,4.4
377,2010-06-07T23:59:26.550000Z,33.8729,-118.4311,16300.0,3.7
378,2010-06-07T20:41:36.510000Z,34.317,-116.847,1700.0,3.3
379,2010-06-07T20:32:56.510000Z,34.316,-116.847,1600.0,3.4
380,2010-06-07T09:17:10.870000Z,33.8242,-118.4591,14200.0,3.5
381,2010-06-03T14:15:48.880000Z,33.252,-116.049,5400.0,3.1
382,2010-06-03T08:44:13.790000Z,33.505,-116.463,7000.0,3.0
383,2010-05-27T07:04:14.200000Z,32.259,-116.636,8000.0,3.0
384,2010-05-26T03:57:27.780000Z,32.166,-117.6423,10000.0,3.6
385,2010-05-26T03:52:40.990000Z,32.127,-117.6519,1300.0,3.3
386,2010-05-19T07:21:34.160000Z,32.994,-116.3508,12300.0,3.5
387,2010-05-15T03:19:00.050000Z,34.0886,-119.042,11000.0,3.1
388,2010-05-14T11:35:16.770000Z,35.966,-117.3248,10000.0,3.5
389,2010-05-14T07:53:22.530000Z,32.785,-116.127,8800.0,3.0
390,2010-05-10T21:39:44.600000Z,32.035,-116.347,13500.0,3.5
391,2010-05-10T21:28:54.710000Z,35.5221,-118.3785,4100.0,3.3
392,2010-05-08T19:23:05.240000Z,35.0061,-119.258,9100.0,3.8
393,2010-05-08T13:47:03.010000Z,33.258,-116.0556,7300.0,3.4
394,2010-05-06T04:16:47.810000Z,35.9559,-117.3093,6700.0,3.7
395,2010-05-01T13:24:30.780000Z,35.506,-118.282,5500.0,3.0
396,2010-04-26T08:04:42.790000Z,34.403,-119.307,13200.0,3.0
397,2010-04-17T21:34:50.100000Z,34.208,-117.535,8600.0,3.0
398,2010-04-16T09:01:02.600000Z,32.694,-116.039,5000.0,3.1
399,2010-04-13T16:24:56.610000Z,32.705,-116.001,0.0,3.3
400,2010-04-09T19:24:14.060000Z,32.663,-116.01,13200.0,3.2
401,2010-04-08T02:53:06.850000Z,32.723,-116.048,3200.0,3.1
402,2010-04-08T01:44:33.170000Z,32.624,-116.149,2900.0,3.1
403,2010-04-06T12:34:50.390000Z,33.27,-116.137,9300.0,3.0
404,2010-04-05T18:15:25.690000Z,32.841,-116.263,6500.0,3.1
405,2010-04-05T17:28:28.730000Z,33.044,-116.41,14700.0,3.2
406,2010-04-05T17:26:51.420000Z,33.0753,-116.3875,9200.0,3.6
407,2010-04-05T08:09:23.880000Z,32.535,-116.004,11200.0,3.2
408,2010-04-04T23:22:04.600000Z,33.152,-116.456,9700.0,3.5
409,2010-04-04T23:10:14.430000Z,33.965,-118.713,6000.0,3.1
410,2010-04-04T22:56:40.440000Z,33.151,-116.482,11500.0,3.9
411,2010-04-03T03:47:59.190000Z,32.229,-116.589,6000.0,3.3
412,2010-03-28T21:35:26.190000Z,34.352,-116.463,4500.0,3.1
413,2010-03-24T14:13:00.780000Z,32.0379,-117.5365,6300.0,3.5
414,2010-03-16T11:03:59.900000Z,33.9882,-118.0671,15400.0,4.2
415,2010-03-13T16:32:31.760000Z,32.9954,-116.3377,8900.0,4.4
416,2010-03-11T21:09:25.160000Z,32.7114,-116.0202,12900.0,3.4
417,2010-03-11T05:30:10.950000Z,34.419,-119.981,6800.0,3.0
418,2010-03-11T01:39:38.440000Z,33.2653,-116.71,2100.0,3.5
419,2010-03-09T20:12:10.890000Z,33.421,-119.147,11700.0,3.2
420,2010-03-09T04:18:20.970000Z,33.0199,-116.3321,3200.0,4.0
421,2010-03-01T06:21:11.190000Z,32.7193,-116.0402,11500.0,3.5
422,2010-02-20T04:08:46.220000Z,34.02,-117.181,7800.0,3.0
423,2010-02-19T19:56:23.050000Z,34.015,-117.184,6900.0,3.6
424,2010-02-19T19:54:28.310000Z,34.012,-117.188,7300.0,3.2
425,2010-02-19T19:53:42.710000Z,34.011,-117.189,7400.0,3.4
426,2010-02-17T21:35:51.180000Z,34.007,-117.191,8100.0,3.3
427,2010-02-17T05:04:54.390000Z,34.007,-117.192,7800.0,3.1
428,2010-02-14T21:40:42.300000Z,32.221,-116.571,6000.0,3.0
429,2010-02-14T21:35:47.840000Z,32.2402,-116.5539,9200.0,3.6
430,2010-02-14T00:01:13.800000Z,32.687,-116.008,13500.0,3.2
431,2010-02-13T21:39:06.200000Z,33.7888,-117.2889,12000.0,3.7
432,2010-02-04T02:06:27.580000Z,32.0219,-117.4822,3200.0,3.6
433,2010-02-01T14:43:38.520000Z,32.0586,-117.4432,5100.0,3.6
434,2010-02-01T14:19:49.570000Z,32.0633,-117.4662,10000.0,4.4
435,2010-01-20T11:51:46.750000Z,32.99,-116.361,5200.0,3.2
436,2010-01-16T12:03:23.870000Z,33.8956,-117.0617,3400.0,3.5
437,2010-01-12T02:36:07.830000Z,33.958,-116.8914,13900.0,3.8
438,2010-01-11T23:33:52.000000Z,33.966,-116.877,10800.0,3.2
439,2010-01-11T23:24:00.270000Z,33.965,-116.877,10200.0,3.1
440,2010-01-04T20:11:25.790000Z,35.712,-117.485,9900.0,3.1
441,2010-01-04T20:07:59.930000Z,35.712,-117.482,9300.0,3.4
442,2010-01-04T00:02:17.230000Z,32.1669,-116.6517,16300.0,3.9
443,2009-12-31T00:17:56.360000Z,34.014,-117.116,11200.0,3.2
444,2009-12-30T11:44:38.050000Z,35.974,-117.405,2900.0,3.6
445,2009-12-13T10:26:09.280000Z,35.755,-119.007,19000.0,3.0
446,2009-12-04T21:38:54.770000Z,32.8977,-117.8755,2900.0,3.6
447,2009-12-02T00:59:55.560000Z,35.954,-117.334,1800.0,3.1
448,2009-11-24T20:12:49.400000Z,32.653,-118.25,15000.0,3.3
449,2009-11-24T14:34:21.570000Z,32.6999,-118.2096,8000.0,4.4
450,2009-11-22T15:55:31.150000Z,34.349,-116.8918,9600.0,3.6
451,2009-11-17T13:21:32.180000Z,35.551,-117.283,3900.0,3.0
452,2009-11-16T21:21:30.410000Z,35.5414,-117.2592,10000.0,5.1
453,2009-11-16T13:54:32.530000Z,33.398,-116.6323,7800.0,3.6
454,2009-11-15T22:48:37.000000Z,33.1759,-119.2667,15300.0,3.5
455,2009-11-15T22:45:28.030000Z,33.2097,-119.2541,11600.0,4.4
456,2009-11-15T07:54:22.700000Z,33.914,-117.059,13500.0,3.3
457,2009-11-13T10:11:37.270000Z,34.164,-117.427,5500.0,3.3
458,2009-11-11T03:24:22.540000Z,33.2639,-116.0198,8800.0,3.6
459,2009-10-21T13:17:16.360000Z,34.113,-116.914,9800.0,3.2
460,2009-10-17T04:53:44.870000Z,34.163,-119.141,3300.0,3.1
461,2009-10-16T10:03:39.830000Z,33.975,-116.964,14900.0,3.4
462,2009-10-08T12:46:52.440000Z,34.992,-116.949,9100.0,3.0
463,2009-10-08T03:31:16.740000Z,32.7076,-118.2155,12300.0,3.6
464,2009-09-13T09:54:26.980000Z,35.402,-117.433,600.0,3.4
465,2009-09-04T03:58:56.230000Z,35.252,-118.555,5300.0,3.1
466,2009-08-26T11:53:53.000000Z,32.936,-116.052,6300.0,3.0
467,2009-08-21T16:08:58.100000Z,35.959,-117.339,2600.0,3.0
468,2009-08-13T20:07:32.760000Z,34.712,-116.265,3800.0,3.1
469,2009-08-12T23:49:03.670000Z,33.0909,-116.1453,3600.0,3.7
470,2009-08-12T04:05:01.200000Z,32.098,-117.524,12100.0,3.0
471,2009-08-07T08:53:30.680000Z,34.141,-117.488,3900.0,3.3
472,2009-08-01T12:55:55.520000Z,34.2391,-117.3753,10700.0,3.5
473,2009-07-26T04:54:03.590000Z,33.633,-116.719,14000.0,3.5
474,2009-07-20T12:10:20.900000Z,33.102,-116.221,8000.0,3.4
475,2009-07-14T04:14:22.030000Z,33.928,-118.359,15900.0,3.1
476,2009-07-14T02:22:38.220000Z,35.727,-117.622,10200.0,3.8
477,2009-07-11T14:34:42.920000Z,32.7154,-117.5934,7600.0,3.8
478,2009-06-22T11:27:09.460000Z,35.043,-119.035,11800.0,3.2
479,2009-06-21T14:29:33.410000Z,34.116,-117.324,17600.0,3.3
480,2009-06-20T01:00:30.010000Z,32.8436,-118.0271,13800.0,4.1
481,2009-06-19T15:30:37.010000Z,33.377,-116.403,13400.0,3.2
482,2009-05-19T22:49:11.140000Z,33.9295,-118.3079,10600.0,3.8
483,2009-05-18T03:45:10.590000Z,33.934,-118.346,14900.0,3.1
484,2009-05-18T03:39:35.860000Z,33.928,-118.3461,8900.0,5.0
485,2009-05-08T20:27:13.330000Z,34.4288,-119.1628,8300.0,4.1
486,2009-05-02T05:34:13.880000Z,34.067,-118.875,13400.0,3.1
487,2009-05-02T01:11:12.370000Z,34.0034,-118.9111,16000.0,4.3
488,2009-05-01T15:39:25.320000Z,35.025,-119.31,17800.0,3.5
489,2009-04-26T05:10:26.480000Z,34.4918,-116.2127,10800.0,3.1
490,2009-04-25T00:06:05.170000Z,33.896,-117.786,4000.0,3.1
491,2009-04-24T03:27:50.840000Z,33.865,-117.7767,10000.0,3.3
492,2009-04-23T23:56:22.310000Z,33.8753,-117.8009,1600.0,3.6
493,2009-04-16T17:55:30.640000Z,33.2453,-116.4241,8200.0,4.0
494,2009-04-09T21:45:29.880000Z,33.1505,-116.5295,15500.0,3.4
495,2009-04-09T20:23:07.890000Z,33.25,-116.434,3800.0,3.0
496,2009-03-25T20:42:06.200000Z,35.9873,-117.2876,3800.0,3.1
497,2009-03-21T11:24:45.600000Z,33.2447,-116.4355,9100.0,3.4
498,2009-03-19T12:11:45.780000Z,33.763,-116.017,1600.0,3.0
499,2009-03-10T13:41:28.070000Z,33.968,-117.762,12000.0,3.1
500,2009-02-20T12:19:13.830000Z,35.9684,-117.2841,0.0,3.6
501,2009-02-16T01:03:37.420000Z,35.2737,-119.4211,1500.0,3.6
502,2009-02-01T06:02:50.980000Z,35.411,-117.79,7500.0,3.0
503,2009-01-31T21:09:21.780000Z,35.4175,-117.7589,10500.0,3.8
504,2009-01-29T19:20:00.890000Z,32.702,-118.2045,10000.0,3.1
505,2009-01-29T08:41:58.300000Z,32.7012,-118.1842,16000.0,4.1
506,2009-01-24T18:08:40.290000Z,35.9893,-117.2988,5800.0,3.1
507,2009-01-24T03:42:44.120000Z,33.984,-118.47,7500.0,3.3
508,2009-01-22T20:46:57.540000Z,34.1968,-118.5622,18700.0,3.1
509,2009-01-19T05:48:37.300000Z,32.3925,-117.6578,4300.0,3.1
510,2009-01-12T20:41:06.340000Z,35.98,-117.3,6000.0,3.4
511,2009-01-11T01:05:59.780000Z,34.3033,-116.9067,7500.0,3.6
512,2009-01-09T04:47:40.290000Z,34.098,-117.306,15100.0,3.2
513,2009-01-09T03:49:45.810000Z,34.0356,-117.3293,12500.0,4.4
514,2008-12-31T11:05:05.000000Z,33.943,-118.784,14000.0,3.1
515,2008-12-20T17:17:43.940000Z,34.393,-118.744,13200.0,3.0
516,2008-12-16T01:03:08.120000Z,35.98,-117.314,3100.0,3.2
517,2008-12-14T17:41:06.790000Z,35.994,-117.309,3400.0,3.2
518,2008-12-14T11:27:09.060000Z,35.976,-117.324,1900.0,3.4
519,2008-12-14T11:23:17.890000Z,35.978,-117.322,1600.0,3.2
520,2008-12-13T17:16:46.410000Z,35.9882,-117.2605,10000.0,3.4
521,2008-12-10T09:40:19.000000Z,34.142,-116.434,5500.0,3.1
522,2008-12-10T00:29:25.580000Z,34.1376,-117.3832,7900.0,3.6
523,2008-12-08T21:48:46.270000Z,34.812,-116.417,4300.0,3.4
524,2008-12-07T21:04:19.820000Z,34.818,-116.413,4300.0,3.0
525,2008-12-07T20:13:20.000000Z,35.977,-117.309,1200.0,3.3
526,2008-12-07T15:39:01.730000Z,33.867,-119.324,11500.0,3.5
527,2008-12-06T04:18:43.380000Z,34.7163,-116.4538,10000.0,5.1
528,2008-12-02T16:58:09.760000Z,35.97,-117.318,1400.0,3.1
529,2008-12-02T16:53:09.010000Z,35.9831,-117.2902,10000.0,4.9
530,2008-12-02T16:41:19.130000Z,35.9865,-117.2725,10000.0,3.7
531,2008-12-02T11:23:43.670000Z,35.9717,-117.3147,3400.0,3.8
532,2008-12-02T10:19:06.950000Z,35.978,-117.306,1300.0,3.0
533,2008-11-30T22:38:11.580000Z,35.978,-117.313,2000.0,3.1
534,2008-11-30T13:11:17.220000Z,35.97,-117.32,3100.0,3.1
535,2008-11-30T13:03:07.240000Z,35.9687,-117.3724,10000.0,4.0
536,2008-11-29T21:14:09.590000Z,35.9618,-117.3388,10000.0,4.1
537,2008-11-29T11:04:51.020000Z,35.744,-118.01,4100.0,3.3
538,2008-11-26T19:00:49.330000Z,33.848,-117.704,10100.0,3.1
539,2008-11-23T19:39:41.810000Z,33.084,-116.231,5800.0,3.3
540,2008-11-20T21:17:22.790000Z,34.003,-116.912,17500.0,3.2
541,2008-11-17T17:41:35.770000Z,33.4728,-116.8878,4600.0,3.8
542,2008-11-15T09:52:51.110000Z,34.4327,-119.0125,25700.0,3.5
543,2008-11-08T11:31:54.000000Z,33.498,-116.513,13400.0,3.0
544,2008-10-30T17:09:39.530000Z,33.539,-116.578,13100.0,3.1
545,2008-10-30T14:43:51.260000Z,32.7406,-117.3717,10000.0,3.2
546,2008-10-24T23:35:49.510000Z,35.9293,-116.7595,10000.0,3.2
547,2008-10-19T04:07:06.760000Z,35.9077,-116.7312,3000.0,3.0
548,2008-10-13T05:39:48.220000Z,33.932,-116.742,13900.0,3.4
549,2008-10-12T10:19:00.500000Z,32.106,-116.52,8000.0,3.2
550,2008-10-11T19:33:59.330000Z,33.671,-116.714,16500.0,3.0
551,2008-10-09T04:57:10.020000Z,35.894,-116.759,3300.0,3.2
552,2008-10-03T00:01:21.760000Z,35.0599,-119.144,16800.0,3.1
553,2008-10-02T09:41:48.290000Z,34.059,-116.9801,6400.0,4.0
554,2008-10-01T02:57:08.780000Z,33.955,-118.385,13400.0,3.0
555,2008-09-27T22:55:13.280000Z,34.849,-116.682,8000.0,3.1
556,2008-09-21T03:09:38.320000Z,32.559,-118.701,15000.0,3.0
557,2008-09-19T06:22:09.550000Z,33.963,-117.789,15600.0,3.1
558,2008-09-18T17:32:08.550000Z,35.1983,-119.4116,13800.0,3.3
559,2008-09-13T08:46:52.720000Z,33.04,-118.93,7000.0,3.2
560,2008-09-11T14:52:25.800000Z,32.7208,-116.0321,12100.0,3.5
561,2008-09-10T12:46:30.000000Z,33.681,-116.795,18700.0,3.0
562,2008-09-06T17:27:41.690000Z,34.372,-117.665,7200.0,3.1
563,2008-09-04T08:42:03.740000Z,34.005,-117.119,13100.0,3.3
564,2008-08-25T22:11:24.060000Z,33.861,-119.369,6000.0,3.4
565,2008-08-22T19:52:21.340000Z,35.982,-117.319,3600.0,3.0
566,2008-08-19T01:55:13.610000Z,33.681,-116.808,15100.0,3.2
567,2008-08-08T13:13:46.000000Z,34.988,-119.687,15600.0,3.1
568,2008-08-03T01:27:04.510000Z,34.011,-117.215,10400.0,3.0
569,2008-07-31T04:37:09.780000Z,33.913,-117.79,17300.0,3.0
570,2008-07-29T20:40:40.530000Z,33.8929,-117.7775,10100.0,3.6
571,2008-07-29T18:51:51.620000Z,33.932,-117.8257,14100.0,3.8
572,2008-07-29T18:42:16.100000Z,33.8269,-117.873,16200.0,5.5
573,2008-07-29T12:04:33.020000Z,34.997,-116.945,6000.0,3.1
574,2008-07-21T20:21:00.550000Z,34.115,-116.905,5600.0,3.0
575,2008-07-15T10:35:43.690000Z,35.4513,-119.1249,17100.0,3.1
576,2008-07-11T13:28:30.180000Z,32.6694,-116.0119,13500.0,3.2
577,2008-07-06T01:04:08.600000Z,32.377,-116.348,7000.0,3.4
578,2008-06-24T15:06:10.590000Z,33.498,-116.519,13100.0,3.0
579,2008-06-23T14:14:56.470000Z,34.0089,-117.2586,11000.0,3.6
580,2008-06-17T01:25:08.360000Z,35.371,-118.653,5600.0,3.1
581,2008-06-03T23:06:32.860000Z,33.668,-116.724,14700.0,3.1
582,2008-06-02T05:13:16.140000Z,34.022,-117.143,5900.0,3.2
583,2008-05-25T05:32:06.940000Z,32.5129,-117.8671,1900.0,3.4
584,2008-05-20T02:59:51.050000Z,35.269,-117.3411,7100.0,3.7
585,2008-05-16T15:01:12.000000Z,34.0,-116.857,14300.0,3.0
586,2008-05-10T02:22:59.230000Z,35.902,-117.021,700.0,3.1
587,2008-05-10T02:14:05.840000Z,35.913,-117.0,500.0,3.1
588,2008-05-09T22:59:33.110000Z,35.8845,-116.9791,10000.0,3.4
589,2008-05-09T22:38:07.380000Z,33.4251,-116.4148,9700.0,4.9
590,2008-05-08T23:44:14.950000Z,34.02,-117.143,5900.0,3.1
591,2008-05-04T18:16:29.070000Z,33.2049,-116.7267,10000.0,3.7
592,2008-05-02T04:23:01.740000Z,35.48,-118.43,9600.0,3.3
593,2008-05-02T04:03:37.320000Z,35.4851,-118.4226,6700.0,3.7
594,2008-05-01T21:39:38.120000Z,35.485,-118.4457,10000.0,3.5
595,2008-05-01T08:11:43.480000Z,35.4313,-118.4014,10000.0,4.3
596,2008-05-01T03:55:35.140000Z,33.4108,-116.4365,10200.0,3.5
597,2008-04-23T01:55:28.880000Z,34.8323,-116.3363,10000.0,3.0
598,2008-04-22T23:49:23.030000Z,34.867,-116.342,4800.0,3.0
599,2008-04-18T03:25:24.750000Z,33.788,-116.109,500.0,3.2
600,2008-04-15T05:49:54.340000Z,34.395,-119.655,13400.0,3.2
601,2008-04-15T01:00:07.000000Z,34.033,-116.442,2800.0,3.4
602,2008-04-07T01:27:00.550000Z,35.7725,-117.6738,1200.0,3.2
603,2008-04-06T23:44:21.170000Z,35.572,-116.976,6000.0,3.2
604,2008-04-06T20:51:30.000000Z,34.682,-116.35,3500.0,3.0
605,2008-04-01T21:27:56.560000Z,35.482,-119.337,30100.0,3.0
606,2008-03-27T04:28:49.000000Z,33.627,-117.906,11300.0,3.0
607,2008-03-20T07:20:29.000000Z,34.02,-117.244,9600.0,3.0
608,2008-03-09T09:24:08.970000Z,34.136,-117.466,4600.0,3.4
609,2008-03-09T09:22:31.940000Z,34.0915,-117.4935,10000.0,4.0
610,2008-03-06T00:14:25.940000Z,34.3091,-116.8507,13000.0,3.7
611,2008-03-02T08:07:44.050000Z,35.0503,-119.0061,10000.0,3.5
612,2008-02-26T07:58:53.530000Z,35.9509,-117.7214,4300.0,3.0
613,2008-02-25T22:59:01.670000Z,33.341,-116.4,13300.0,3.0
614,2008-02-19T00:16:36.670000Z,33.022,-118.923,6000.0,3.2
615,2008-02-16T11:56:35.310000Z,35.9374,-117.7222,6700.0,3.6
616,2008-02-05T09:03:38.400000Z,32.363,-117.456,12300.0,3.3
617,2008-01-28T01:28:48.000000Z,34.039,-117.243,14600.0,3.0
618,2008-01-11T14:02:47.000000Z,35.347,-118.56,7100.0,3.0
619,2008-01-11T12:05:10.770000Z,35.3372,-118.5693,5200.0,3.8
620,2007-12-19T12:14:08.650000Z,34.1294,-116.9858,6900.0,3.9
621,2007-12-08T13:55:43.630000Z,32.6547,-116.1651,10000.0,3.9
622,2007-12-08T05:34:35.500000Z,32.39,-116.357,14600.0,3.2
623,2007-12-04T17:29:35.900000Z,32.69,-116.077,5900.0,3.1
624,2007-11-28T15:51:55.140000Z,34.469,-116.508,4800.0,3.1
625,2007-11-28T14:12:25.840000Z,35.432,-118.3,8700.0,3.0
626,2007-11-26T04:40:33.370000Z,33.169,-116.554,13400.0,3.2
627,2007-11-25T20:30:44.220000Z,34.231,-116.71,3100.0,3.1
628,2007-11-17T21:15:39.820000Z,33.512,-116.468,5000.0,3.3
629,2007-11-17T02:45:08.790000Z,34.397,-119.649,13200.0,3.4
630,2007-11-15T00:37:32.000000Z,35.43,-118.305,9300.0,3.0
631,2007-10-24T12:22:48.870000Z,35.8044,-117.6613,10000.0,4.1
632,2007-10-16T08:53:43.060000Z,34.3531,-117.6504,2500.0,4.1
633,2007-10-15T21:34:08.090000Z,33.71,-116.839,17200.0,3.1
634,2007-10-09T19:09:07.170000Z,33.564,-118.227,15100.0,3.1
635,2007-09-30T09:14:51.750000Z,32.7099,-117.1764,12100.0,3.2
636,2007-09-27T18:09:08.700000Z,32.058,-116.185,5500.0,3.1
637,2007-09-25T22:38:23.890000Z,33.7621,-117.4654,9800.0,4.6
638,2007-09-23T08:13:42.000000Z,32.71,-116.036,3200.0,3.6
639,2007-09-20T15:01:50.840000Z,34.789,-116.288,2500.0,3.2
640,2007-09-14T04:24:47.000000Z,32.7445,-117.3604,10000.0,3.1
641,2007-09-12T14:21:40.500000Z,33.733,-117.484,11500.0,3.2
642,2007-09-12T11:30:24.700000Z,33.7135,-117.5042,14600.0,3.7
643,2007-09-09T13:11:49.030000Z,32.7534,-117.3788,10000.0,3.9
644,2007-09-09T02:34:41.700000Z,33.0514,-117.7604,10000.0,3.9
645,2007-09-07T19:10:15.770000Z,32.7575,-117.3613,8700.0,3.1
646,2007-09-05T15:16:47.000000Z,33.736,-117.47,1300.0,3.4
647,2007-09-04T14:47:59.430000Z,32.7178,-117.407,10000.0,3.9
648,2007-09-03T15:30:23.000000Z,33.922,-117.766,800.0,3.2
649,2007-09-02T17:29:12.280000Z,33.4227,-117.7349,2900.0,4.8
650,2007-08-30T13:08:01.210000Z,34.618,-116.281,12900.0,3.3
651,2007-08-30T09:53:07.590000Z,32.6931,-117.4375,10000.0,3.6
652,2007-08-29T04:31:47.880000Z,35.258,-118.587,5700.0,3.0
653,2007-08-29T04:13:47.160000Z,33.1193,-116.0207,3100.0,3.2
654,2007-08-16T19:23:22.690000Z,34.2786,-118.6519,9900.0,3.5
655,2007-08-09T07:58:48.930000Z,34.2469,-118.6576,8100.0,4.5
656,2007-08-01T02:04:03.010000Z,32.474,-119.267,17000.0,3.1
657,2007-07-31T05:59:59.390000Z,34.27,-118.521,14600.0,3.2
658,2007-07-22T00:00:12.080000Z,34.911,-116.947,7800.0,3.5
659,2007-07-08T07:27:40.870000Z,34.855,-119.6699,8900.0,3.7
660,2007-07-05T21:30:01.670000Z,32.0681,-116.3624,26000.0,3.0
661,2007-07-01T23:16:35.330000Z,35.953,-117.299,3800.0,3.0
662,2007-06-13T14:50:34.000000Z,33.697,-116.042,12400.0,3.3
663,2007-06-13T03:06:35.010000Z,32.7329,-118.2282,6800.0,3.4
664,2007-06-05T21:13:06.920000Z,34.866,-119.2464,17000.0,3.5
665,2007-06-04T08:15:08.570000Z,34.8515,-119.2421,16500.0,3.7
666,2007-06-02T05:11:25.480000Z,33.8329,-116.1955,10000.0,3.8
667,2007-06-01T02:08:37.410000Z,32.6559,-116.097,12700.0,4.2
668,2007-05-25T11:47:59.600000Z,32.7008,-116.0355,13500.0,3.0
669,2007-05-25T11:35:28.770000Z,32.6901,-116.0309,11800.0,3.3
670,2007-05-24T06:15:14.550000Z,34.1627,-117.4009,8200.0,3.9
671,2007-05-24T06:11:38.890000Z,34.1625,-117.3973,9200.0,3.9
672,2007-05-13T21:54:47.750000Z,34.2046,-118.5764,17900.0,3.0
673,2007-05-11T08:59:13.280000Z,34.022,-119.292,100.0,3.0
674,2007-04-30T05:23:52.000000Z,33.365,-116.387,9400.0,3.0
675,2007-04-29T07:20:11.590000Z,32.692,-116.0114,16000.0,3.3
676,2007-04-28T14:55:17.500000Z,33.074,-116.499,11800.0,3.3
677,2007-04-28T08:04:56.000000Z,34.124,-117.302,14100.0,3.3
678,2007-04-26T23:29:02.510000Z,34.717,-116.297,5300.0,3.0
679,2007-04-23T19:30:49.290000Z,34.288,-118.475,12900.0,3.1
680,2007-04-23T04:08:57.000000Z,34.215,-119.928,6000.0,3.1
681,2007-04-21T10:04:18.520000Z,32.6878,-116.0296,14000.0,3.3
682,2007-04-18T22:23:11.330000Z,33.4264,-116.5825,9200.0,3.5
683,2007-04-18T02:47:01.000000Z,34.132,-117.475,5700.0,3.0
684,2007-04-15T22:57:25.780000Z,32.7322,-116.0594,6600.0,4.3
685,2007-04-10T13:27:24.440000Z,34.07,-118.952,15400.0,3.4
686,2007-04-04T11:27:01.690000Z,34.055,-118.0645,10000.0,3.4
687,2007-03-30T09:09:37.610000Z,35.8908,-117.6809,10000.0,4.0
688,2007-03-27T21:15:38.910000Z,34.774,-117.224,4900.0,3.0
689,2007-03-01T14:37:44.220000Z,33.2297,-116.0053,6400.0,3.3
690,2007-02-20T17:40:14.810000Z,32.837,-117.666,6000.0,3.1
691,2007-02-09T03:33:42.800000Z,33.2446,-116.1336,8400.0,4.4
692,2007-02-08T03:12:03.750000Z,32.7208,-116.0448,15300.0,3.5
693,2007-01-30T23:56:24.400000Z,34.214,-117.508,6000.0,3.3
694,2007-01-19T19:17:08.400000Z,32.983,-116.32,5900.0,3.2
695,2007-01-18T20:04:20.300000Z,32.984,-116.307,4900.0,3.1
696,2007-01-17T16:07:47.080000Z,32.9898,-116.303,8700.0,3.7
697,2007-01-15T07:00:03.150000Z,33.706,-116.045,13700.0,3.0
698,2007-01-09T14:01:55.050000Z,32.7154,-116.0344,12600.0,3.1
699,2006-12-27T21:36:19.200000Z,33.7456,-116.0928,10500.0,3.0
700,2006-12-24T03:43:37.250000Z,33.7111,-116.0569,7800.0,4.0
701,2006-12-19T07:15:51.480000Z,34.345,-116.753,2600.0,3.0
702,2006-12-16T19:04:26.000000Z,32.802,-117.715,7000.0,3.1
703,2006-12-11T08:17:35.200000Z,34.171,-116.453,9700.0,3.0
704,2006-12-07T04:09:21.900000Z,32.774,-116.109,7000.0,3.0
705,2006-11-27T02:23:02.400000Z,32.482,-117.505,7000.0,3.1
706,2006-11-25T07:39:44.400000Z,34.367,-116.123,6000.0,3.4
707,2006-11-16T05:30:49.300000Z,32.705,-116.027,2500.0,3.2
708,2006-11-14T13:32:14.260000Z,32.7063,-116.0241,11500.0,3.8
709,2006-11-09T12:37:30.500000Z,32.716,-116.044,2700.0,3.1
710,2006-11-08T04:22:06.100000Z,32.723,-116.042,3100.0,3.1
711,2006-11-04T19:43:43.460000Z,34.188,-117.5632,3600.0,3.5
712,2006-11-03T20:19:18.500000Z,32.718,-116.049,2900.0,3.4
713,2006-11-03T16:12:12.440000Z,32.7253,-116.0348,12700.0,3.6
714,2006-11-03T15:56:42.730000Z,32.7077,-116.0446,9200.0,4.3
715,2006-10-11T10:55:24.060000Z,35.935,-117.681,3000.0,3.1
716,2006-10-09T20:26:49.830000Z,33.2761,-116.0592,7200.0,3.9
717,2006-10-05T19:54:09.530000Z,33.443,-116.598,11100.0,3.0
718,2006-10-02T15:44:45.420000Z,34.35,-116.461,4400.0,3.0
719,2006-09-18T16:25:30.180000Z,34.575,-116.542,4800.0,3.1
720,2006-09-14T01:25:14.100000Z,32.736,-116.042,2000.0,3.7
721,2006-09-14T00:11:05.260000Z,32.7375,-116.0741,2800.0,5.4
722,2006-09-07T14:44:47.610000Z,33.975,-117.078,14800.0,3.1
723,2006-09-06T22:18:01.510000Z,33.176,-116.043,12900.0,3.6
724,2006-09-05T15:22:58.800000Z,32.717,-116.042,3000.0,3.2
725,2006-09-02T16:29:42.040000Z,33.945,-116.368,8800.0,3.5
726,2006-08-29T11:50:24.100000Z,32.122,-116.643,5000.0,3.3
727,2006-08-26T21:19:55.950000Z,34.29,-116.906,6200.0,3.4
728,2006-08-24T18:51:28.770000Z,33.98,-116.272,5200.0,3.2
729,2006-08-20T20:44:23.800000Z,32.128,-116.649,11100.0,3.2
730,2006-08-07T01:01:40.770000Z,33.2695,-116.0291,4400.0,3.6
731,2006-08-02T16:03:02.000000Z,34.111,-117.316,16000.0,3.3
732,2006-08-01T09:16:22.740000Z,33.249,-116.128,3100.0,3.0
733,2006-07-30T13:32:53.490000Z,33.69,-116.795,15300.0,3.2
734,2006-07-23T15:58:50.880000Z,33.7496,-117.4938,400.0,3.6
735,2006-07-19T13:23:19.610000Z,35.52,-116.426,6000.0,3.4
736,2006-07-10T02:54:43.600000Z,33.7984,-117.1321,16800.0,3.8
737,2006-06-30T15:20:52.640000Z,33.249,-116.028,3700.0,3.4
738,2006-06-30T00:28:05.730000Z,33.184,-116.0247,10000.0,3.4
739,2006-06-08T22:45:54.070000Z,33.8839,-116.7861,17900.0,3.8
740,2006-06-03T13:56:20.530000Z,33.25,-116.123,8800.0,3.0
741,2006-06-01T19:42:17.000000Z,32.067,-116.252,15200.0,3.0
742,2006-05-18T10:11:52.140000Z,34.043,-117.028,12200.0,3.2
743,2006-05-09T00:30:33.400000Z,32.654,-117.346,6000.0,3.3
744,2006-05-09T00:13:37.300000Z,32.642,-117.34,8000.0,3.8
745,2006-05-03T16:22:49.110000Z,33.521,-116.585,12100.0,3.2
746,2006-04-02T08:16:56.530000Z,35.963,-119.875,22000.0,3.1
747,2006-03-29T01:36:22.400000Z,35.607,-117.5548,10300.0,4.6
748,2006-03-24T05:54:13.000000Z,33.787,-116.178,9400.0,3.6
749,2006-03-23T23:48:57.280000Z,34.581,-116.261,2800.0,3.1
750,2006-03-20T18:47:22.000000Z,35.571,-117.529,9500.0,3.3
751,2006-03-20T17:16:20.100000Z,32.881,-116.221,9000.0,3.7
752,2006-03-14T14:50:57.000000Z,35.93,-117.643,3800.0,3.0
753,2006-03-14T01:41:46.000000Z,33.822,-119.428,6500.0,3.2
754,2006-03-13T09:52:53.790000Z,33.803,-119.399,10300.0,3.1
755,2006-03-12T06:26:41.000000Z,32.827,-118.342,3200.0,3.1
756,2006-03-11T07:45:03.000000Z,34.289,-116.829,5700.0,3.5
757,2006-03-07T08:52:30.430000Z,33.794,-119.393,6000.0,3.1
758,2006-03-05T10:43:13.220000Z,34.023,-117.557,10700.0,3.4
759,2006-03-03T13:44:05.210000Z,35.121,-117.556,2100.0,3.7
760,2006-02-28T05:07:29.770000Z,33.794,-116.182,9700.0,3.1
761,2006-02-24T19:58:32.630000Z,34.421,-119.06,14900.0,3.1
762,2006-02-16T03:51:21.560000Z,34.34,-116.861,5500.0,3.2
763,2006-02-06T04:55:39.290000Z,35.819,-119.912,12400.0,3.3
764,2006-02-05T15:43:33.950000Z,34.241,-119.81,7900.0,3.2
765,2006-01-22T10:28:07.000000Z,35.658,-119.188,25600.0,3.0
766,2006-01-18T12:28:05.000000Z,33.216,-116.092,7000.0,3.0
767,2005-12-31T21:31:27.500000Z,35.9654,-119.7682,25300.0,3.3
768,2005-12-30T12:17:10.100000Z,32.082,-116.376,4000.0,3.9
769,2005-12-17T02:17:02.920000Z,34.24,-117.452,13200.0,3.0
770,2005-12-17T02:15:25.900000Z,34.2479,-117.4411,10000.0,3.3
771,2005-12-13T20:35:22.810000Z,35.127,-117.557,0.0,3.7
772,2005-12-04T17:47:44.020000Z,33.611,-117.27,13800.0,3.3
773,2005-12-03T07:49:34.590000Z,34.329,-116.832,5100.0,4.1
774,2005-11-26T21:58:57.400000Z,32.045,-116.406,15100.0,3.0
775,2005-11-25T15:40:34.860000Z,34.596,-116.355,2800.0,3.0
776,2005-11-14T22:00:15.440000Z,32.977,-116.317,13000.0,3.4
777,2005-11-14T19:31:04.630000Z,35.047,-119.065,19700.0,3.0
778,2005-11-08T22:03:46.220000Z,33.528,-116.685,12900.0,3.3
779,2005-10-29T09:20:11.510000Z,35.033,-116.958,3900.0,3.5
780,2005-10-23T03:42:16.220000Z,34.007,-118.44,12800.0,3.0
781,2005-10-22T20:18:48.240000Z,34.003,-118.445,12600.0,3.1
782,2005-10-20T08:30:51.330000Z,32.462,-118.182,12000.0,3.3
783,2005-10-19T08:51:24.930000Z,32.5679,-118.0796,12000.0,4.0
784,2005-10-18T07:31:01.500000Z,34.0033,-116.6867,16000.0,4.2
785,2005-10-18T04:08:38.640000Z,33.9978,-116.7237,8500.0,3.9
786,2005-10-18T00:29:15.800000Z,32.471,-118.144,18000.0,3.7
787,2005-10-16T21:11:35.510000Z,32.5529,-118.038,10000.0,4.8
788,2005-10-10T18:38:30.790000Z,35.731,-116.245,4400.0,3.2
789,2005-10-04T06:18:07.200000Z,32.567,-118.119,10000.0,3.5
790,2005-09-26T07:44:30.600000Z,32.004,-116.276,8000.0,3.0
791,2005-09-25T00:10:09.160000Z,35.382,-118.467,6000.0,3.6
792,2005-09-23T10:21:27.370000Z,35.04,-119.018,11000.0,3.5
793,2005-09-23T00:09:32.710000Z,35.044,-119.02,12100.0,3.7
794,2005-09-22T23:52:56.640000Z,35.044,-119.018,11000.0,3.2
795,2005-09-22T20:38:21.040000Z,35.033,-119.008,13400.0,3.1
796,2005-09-22T20:37:49.610000Z,35.035,-119.0,11100.0,3.2
797,2005-09-22T20:30:52.410000Z,35.045,-119.007,11200.0,3.9
798,2005-09-22T20:29:47.810000Z,35.039,-119.018,11200.0,3.4
799,2005-09-22T20:24:47.790000Z,35.1206,-118.9831,11000.0,4.8
800,2005-09-22T20:24:04.880000Z,35.034,-119.008,11200.0,3.4
801,2005-09-11T06:07:28.200000Z,33.196,-116.043,3000.0,3.7
802,2005-09-09T13:48:59.160000Z,34.227,-117.442,8400.0,3.3
803,2005-09-03T06:53:50.780000Z,32.5163,-116.8802,19000.0,3.8
804,2005-08-26T13:45:32.000000Z,33.168,-116.041,1300.0,3.0
805,2005-08-12T06:35:55.550000Z,32.588,-118.11,18000.0,3.6
806,2005-08-03T18:20:41.500000Z,33.627,-118.538,2300.0,3.0
807,2005-07-24T12:59:39.770000Z,33.6958,-119.6927,6000.0,4.2
808,2005-07-16T06:46:10.360000Z,34.847,-116.313,2400.0,3.5
809,2005-07-16T04:58:31.740000Z,34.844,-116.32,2600.0,3.8
810,2005-07-15T15:35:31.490000Z,35.511,-119.466,23000.0,3.0
811,2005-07-14T02:32:02.210000Z,34.704,-116.062,3500.0,3.1
812,2005-07-14T02:15:23.460000Z,34.706,-116.06,3600.0,3.1
813,2005-06-27T22:17:33.610000Z,34.054,-117.03,12100.0,4.0
814,2005-06-24T16:36:12.690000Z,35.181,-118.625,6900.0,3.1
815,2005-06-17T03:24:28.120000Z,33.495,-116.53,12800.0,3.3
816,2005-06-16T20:54:49.470000Z,34.049,-117.007,15400.0,3.4
817,2005-06-16T20:54:19.950000Z,34.053,-117.022,16800.0,3.5
818,2005-06-16T20:53:23.460000Z,34.061,-117.005,6800.0,4.9
819,2005-06-12T20:47:47.730000Z,33.499,-116.572,12300.0,3.1
820,2005-06-12T15:41:45.720000Z,33.5729,-116.5192,15300.0,5.2
821,2005-06-11T20:13:56.800000Z,32.528,-117.579,12000.0,3.2
822,2005-06-09T23:02:07.320000Z,33.498,-116.523,14400.0,3.1
823,2005-06-02T08:23:47.540000Z,34.93,-116.722,1200.0,3.3
824,2005-05-29T18:30:42.730000Z,32.5874,-117.6076,4500.0,3.5
825,2005-05-21T00:39:31.300000Z,33.281,-116.1395,18400.0,5.2
826,2005-05-15T13:29:56.340000Z,33.458,-116.627,7500.0,3.2
827,2005-05-12T22:01:20.240000Z,34.845,-116.323,4900.0,3.2
828,2005-05-09T17:48:11.930000Z,34.803,-116.278,6400.0,3.2
829,2005-05-06T02:29:07.950000Z,35.0,-119.1346,10000.0,3.7
830,2005-05-06T02:07:13.310000Z,35.031,-119.178,18100.0,3.2
831,2005-04-24T21:46:44.230000Z,33.799,-118.63,4300.0,3.3
832,2005-04-24T21:44:25.540000Z,33.6872,-118.6618,10100.0,3.2
833,2005-04-23T02:19:07.440000Z,34.11,-117.307,14900.0,3.4
834,2005-04-21T13:26:35.730000Z,33.6216,-119.9972,6000.0,4.0
835,2005-04-20T22:40:48.780000Z,34.894,-119.087,11300.0,3.6
836,2005-04-20T06:48:20.500000Z,32.7,-117.591,8000.0,3.1
837,2005-04-16T19:18:12.450000Z,35.0898,-119.0865,10800.0,5.2
838,2005-04-16T09:04:35.510000Z,34.875,-119.225,13500.0,3.1
839,2005-04-12T11:06:45.410000Z,32.7531,-116.8118,22600.0,3.0
840,2005-03-31T19:13:42.820000Z,35.323,-118.557,2800.0,3.2
841,2005-03-23T00:07:06.000000Z,33.882,-118.451,11200.0,3.4
842,2005-03-22T08:55:04.320000Z,33.3077,-116.203,10400.0,3.7
843,2005-03-16T23:47:13.850000Z,35.931,-119.97,28600.0,3.1
844,2005-03-14T20:23:07.110000Z,34.423,-118.668,14400.0,3.6
845,2005-03-13T23:43:15.500000Z,33.306,-116.852,13200.0,3.7
846,2005-02-15T22:20:51.590000Z,34.802,-116.258,7300.0,3.4
847,2005-02-08T17:35:32.000000Z,35.115,-116.997,4300.0,3.0
848,2005-02-03T04:52:21.190000Z,34.158,-117.425,10400.0,3.2
849,2005-01-31T14:54:19.700000Z,32.126,-117.616,7000.0,3.4
850,2005-01-12T08:10:43.990000Z,33.9665,-116.3372,7600.0,3.6
851,2005-01-06T14:35:24.550000Z,34.1386,-117.3902,4200.0,4.1
852,2005-01-06T14:22:38.710000Z,34.114,-117.433,4500.0,3.3
853,2005-01-06T12:11:29.780000Z,34.118,-117.437,4700.0,3.6
854,2005-01-04T08:49:24.820000Z,34.117,-117.44,4500.0,3.1
855,2004-12-24T03:14:49.700000Z,32.072,-116.385,6000.0,3.1
856,2004-12-16T11:37:51.310000Z,33.869,-118.733,0.0,3.6
857,2004-12-12T05:05:52.870000Z,34.15,-116.982,11500.0,3.7
858,2004-12-07T20:54:44.960000Z,34.271,-119.683,200.0,3.5
859,2004-12-06T06:08:41.720000Z,32.2186,-116.0965,14300.0,3.6
860,2004-12-05T00:06:02.950000Z,34.695,-116.368,2900.0,3.1
861,2004-11-22T05:39:06.660000Z,33.854,-117.777,9300.0,3.0
862,2004-11-14T15:33:45.370000Z,34.17,-117.445,9600.0,3.0
863,2004-11-13T17:39:14.020000Z,34.3901,-116.7644,3100.0,4.1
864,2004-11-11T10:50:46.210000Z,34.7484,-116.0307,2300.0,3.7
865,2004-11-09T06:44:04.780000Z,35.033,-116.912,4800.0,3.7
866,2004-11-01T14:49:49.460000Z,34.726,-116.048,2100.0,3.2
867,2004-10-27T21:41:17.000000Z,34.344,-116.917,5100.0,3.8
868,2004-10-19T02:12:09.600000Z,33.5,-116.483,7000.0,3.4
869,2004-10-16T05:05:35.860000Z,34.454,-119.117,26900.0,3.3
870,2004-10-09T12:02:43.560000Z,34.83,-118.35,6700.0,3.1
871,2004-10-01T01:12:26.790000Z,35.388,-118.625,3600.0,3.0
872,2004-09-29T22:54:52.760000Z,35.3457,-118.643,3500.0,5.0
873,2004-09-16T13:29:30.800000Z,34.121,-116.402,8100.0,3.6
874,2004-09-09T15:30:05.710000Z,35.088,-117.517,5600.0,3.7
875,2004-08-31T00:09:13.630000Z,35.6,-117.035,5600.0,3.2
876,2004-08-30T20:51:36.800000Z,34.424,-117.682,7300.0,3.2
877,2004-08-30T10:53:26.800000Z,32.288,-116.641,14700.0,3.1
878,2004-08-23T13:22:13.000000Z,34.671,-116.358,2900.0,3.2
879,2004-08-23T00:19:31.980000Z,34.139,-119.182,24200.0,3.1
880,2004-08-02T16:28:45.400000Z,32.048,-117.48,8400.0,3.4
881,2004-08-01T18:03:40.100000Z,32.713,-116.045,3500.0,3.3
882,2004-07-30T04:27:27.380000Z,34.006,-117.585,4600.0,3.0
883,2004-07-28T20:19:40.850000Z,34.1455,-117.4131,6400.0,3.4
884,2004-07-27T11:01:12.300000Z,32.585,-116.168,2000.0,3.5
885,2004-07-24T12:55:16.370000Z,34.3494,-119.4632,3600.0,4.0
886,2004-07-22T06:38:14.990000Z,34.011,-117.245,13700.0,3.0
887,2004-07-15T12:20:54.600000Z,33.278,-116.183,1100.0,3.0
888,2004-07-15T01:43:20.090000Z,35.2278,-119.5081,1100.0,3.5
889,2004-07-06T16:05:44.890000Z,34.061,-118.852,13500.0,3.4
890,2004-06-21T16:02:45.900000Z,33.711,-116.053,12900.0,3.0
891,2004-06-17T06:44:45.800000Z,32.303,-117.879,11200.0,3.0
892,2004-06-17T01:09:35.980000Z,35.966,-117.982,4600.0,3.1
893,2004-06-16T00:43:48.300000Z,32.402,-117.797,12000.0,3.6
894,2004-06-15T22:28:48.870000Z,32.4165,-117.8218,10000.0,5.0
895,2004-06-15T22:28:46.500000Z,32.38,-117.836,15200.0,3.1
896,2004-06-01T14:36:14.760000Z,34.295,-116.877,5600.0,3.1
897,2004-05-30T16:25:51.320000Z,34.888,-119.087,5100.0,3.0
898,2004-05-13T06:04:29.200000Z,33.649,-116.735,12600.0,3.1
899,2004-05-11T23:37:46.600000Z,33.761,-118.975,6000.0,3.2
900,2004-04-30T18:17:17.840000Z,33.971,-118.677,13400.0,3.3
901,2004-04-27T19:21:03.190000Z,34.058,-117.26,12600.0,3.0
902,2004-04-20T12:41:26.570000Z,33.556,-118.367,15500.0,3.2
903,2004-04-15T02:28:09.100000Z,33.941,-116.989,9000.0,3.4
904,2004-04-05T20:38:06.530000Z,33.424,-116.972,11700.0,3.4
905,2004-04-05T14:25:28.910000Z,34.05,-117.26,12400.0,3.3
906,2004-04-02T22:51:51.830000Z,35.347,-117.193,5600.0,3.2
907,2004-03-30T23:33:37.870000Z,35.751,-118.023,5500.0,3.0
908,2004-03-28T03:40:10.600000Z,32.08,-116.402,10800.0,3.0
909,2004-03-26T17:10:17.500000Z,33.222,-116.087,7000.0,3.2
910,2004-03-20T04:55:37.410000Z,33.513,-116.575,14600.0,3.1
911,2004-03-19T01:09:23.010000Z,34.308,-116.932,10100.0,3.5
912,2004-02-27T07:37:18.440000Z,34.057,-117.258,10600.0,3.1
913,2004-02-25T22:23:01.920000Z,33.816,-117.042,15100.0,3.6
914,2004-02-20T10:56:24.330000Z,35.095,-119.108,17600.0,3.0
915,2004-02-17T07:16:03.440000Z,35.055,-119.107,14300.0,3.4
916,2004-02-14T12:43:09.960000Z,34.989,-119.1885,12100.0,4.7
917,2004-02-07T22:57:09.510000Z,33.733,-117.507,7200.0,3.0
918,2004-01-31T15:24:50.900000Z,32.287,-116.285,5500.0,3.3
919,2004-01-26T17:00:03.980000Z,34.81,-116.31,3000.0,3.1
920,2004-01-09T13:00:26.840000Z,35.12,-118.607,4000.0,3.0
921,2004-01-03T09:17:07.230000Z,34.368,-118.622,12100.0,3.0
922,2004-01-01T09:00:23.900000Z,35.634,-117.58,1500.0,3.2
923,2003-12-29T01:03:46.770000Z,33.973,-117.815,16300.0,3.2
924,2003-12-29T00:49:12.310000Z,34.0415,-117.7487,16700.0,3.5
925,2003-12-25T05:47:52.900000Z,32.084,-116.386,5200.0,3.2
926,2003-12-20T12:52:43.950000Z,34.692,-116.29,1900.0,3.3
927,2003-12-19T11:45:26.420000Z,34.02,-117.223,15100.0,3.0
928,2003-12-19T11:04:19.500000Z,34.169,-117.239,7000.0,3.1
929,2003-12-07T14:49:57.790000Z,35.632,-117.575,1900.0,3.2
930,2003-12-06T13:50:27.890000Z,34.1706,-117.2866,17100.0,3.4
931,2003-12-05T19:01:14.820000Z,33.38,-116.317,13100.0,3.0
932,2003-12-04T06:15:51.120000Z,35.5923,-117.539,5300.0,3.7
933,2003-11-30T15:29:02.490000Z,34.43,-119.143,17200.0,3.1
934,2003-11-27T14:38:15.470000Z,33.8176,-116.1954,5600.0,3.4
935,2003-11-23T03:06:23.380000Z,33.694,-116.035,12500.0,3.1
936,2003-11-19T18:39:32.700000Z,32.168,-117.667,8000.0,3.0
937,2003-11-13T05:17:57.300000Z,33.35,-116.419,12400.0,3.2
938,2003-11-12T20:23:09.560000Z,33.903,-116.9,14000.0,3.3
939,2003-11-02T03:59:13.580000Z,34.167,-117.407,11700.0,3.3
940,2003-11-01T14:52:35.880000Z,35.133,-118.938,14700.0,3.3
941,2003-10-29T23:44:47.970000Z,34.2526,-118.7522,13800.0,3.6
942,2003-10-29T07:18:30.270000Z,34.658,-116.295,4600.0,3.0
943,2003-10-15T04:18:39.570000Z,34.035,-116.397,11900.0,3.4
944,2003-10-10T02:27:33.920000Z,34.2732,-116.3993,1700.0,3.5
945,2003-10-09T07:33:55.430000Z,33.41,-116.403,12500.0,3.1
946,2003-10-07T17:35:48.680000Z,32.5063,-117.1766,9900.0,3.9
947,2003-10-04T19:26:23.700000Z,33.187,-116.172,4000.0,3.0
948,2003-09-14T02:32:30.580000Z,33.76,-116.027,5600.0,3.1
949,2003-09-13T00:59:26.620000Z,34.34,-118.742,15600.0,3.4
950,2003-09-10T15:27:40.240000Z,33.317,-116.36,14600.0,3.1
951,2003-08-27T06:02:20.180000Z,34.2888,-118.7792,17900.0,3.4
952,2003-08-25T07:31:10.570000Z,34.395,-118.65,17300.0,3.2
953,2003-08-19T20:07:58.000000Z,32.734,-116.02,7900.0,3.2
954,2003-08-08T04:55:04.240000Z,33.39,-118.665,2800.0,3.0
955,2003-07-28T20:08:29.000000Z,33.018,-116.022,2800.0,3.1
956,2003-07-15T06:15:50.250000Z,34.7068,-116.6525,7600.0,3.9
957,2003-07-10T02:26:05.300000Z,33.233,-116.398,6000.0,3.0
958,2003-06-27T11:29:34.040000Z,32.669,-118.181,6000.0,3.2
959,2003-06-26T06:19:59.790000Z,32.0001,-117.4707,18600.0,3.7
960,2003-06-20T16:07:29.990000Z,32.6688,-116.1486,12600.0,3.6
961,2003-06-17T20:25:14.550000Z,34.177,-117.474,4000.0,3.4
962,2003-06-17T20:25:05.220000Z,34.183,-117.479,3300.0,3.1
963,2003-06-13T07:52:47.330000Z,34.305,-116.835,7300.0,3.2
964,2003-06-07T13:32:33.700000Z,32.869,-118.496,6000.0,3.2
965,2003-05-23T18:35:41.750000Z,35.208,-118.117,5000.0,3.0
966,2003-05-15T17:58:00.980000Z,35.7942,-118.0545,8900.0,3.6
967,2003-05-14T22:47:17.040000Z,33.6992,-116.067,8200.0,3.9
968,2003-04-29T02:38:39.200000Z,33.12,-116.103,10100.0,3.2
969,2003-04-28T07:37:30.530000Z,32.334,-117.862,6000.0,3.2
970,2003-04-25T22:00:28.860000Z,33.015,-118.928,6000.0,3.3
971,2003-04-19T23:50:24.580000Z,33.795,-116.088,8600.0,3.2
972,2003-04-18T14:15:32.700000Z,32.88,-117.582,15100.0,3.0
973,2003-04-14T10:08:57.320000Z,33.898,-118.217,14000.0,3.1
974,2003-04-10T23:03:15.560000Z,34.31,-116.851,5800.0,3.3
975,2003-03-24T17:34:53.030000Z,33.269,-117.895,10000.0,3.1
976,2003-03-15T10:01:46.510000Z,34.3469,-116.8255,3600.0,3.8
977,2003-03-11T19:31:31.550000Z,34.367,-116.132,3300.0,3.4
978,2003-03-11T19:28:15.820000Z,34.3402,-116.1759,3900.0,4.1
979,2003-03-05T16:05:54.280000Z,34.698,-116.303,5600.0,3.0
980,2003-03-02T17:59:02.410000Z,34.326,-116.862,1900.0,3.0
981,2003-02-27T05:00:19.550000Z,34.2844,-116.8324,4600.0,3.7
982,2003-02-26T01:45:26.600000Z,34.3006,-116.8586,3300.0,3.6
983,2003-02-25T04:03:02.740000Z,34.2837,-116.8379,2700.0,4.0
984,2003-02-25T02:26:18.900000Z,34.314,-116.851,5200.0,3.0
985,2003-02-24T23:06:44.600000Z,33.445,-116.437,13100.0,3.2
986,2003-02-24T04:03:59.960000Z,34.312,-116.852,6200.0,3.3
987,2003-02-24T02:42:08.360000Z,34.307,-116.833,3600.0,3.0
988,2003-02-23T21:42:07.770000Z,35.332,-118.661,2100.0,3.0
989,2003-02-23T20:28:13.590000Z,34.317,-116.842,2300.0,3.3
990,2003-02-23T15:52:50.400000Z,34.3621,-116.8778,5900.0,3.4
991,2003-02-23T09:24:21.600000Z,34.2806,-116.8331,3700.0,3.5
992,2003-02-22T20:40:12.500000Z,34.307,-116.846,5100.0,3.0
993,2003-02-22T19:33:43.320000Z,34.202,-116.8655,3000.0,4.5
994,2003-02-22T17:50:13.320000Z,34.32,-116.851,3400.0,3.1
995,2003-02-22T16:12:15.280000Z,34.2791,-116.8418,4300.0,3.9
996,2003-02-22T14:19:04.620000Z,34.309,-116.844,5300.0,3.0
997,2003-02-22T14:16:06.520000Z,34.2686,-116.8471,4200.0,4.1
998,2003-02-22T12:53:51.200000Z,34.2452,-116.8537,4600.0,3.5
999,2003-02-22T12:48:43.930000Z,34.317,-116.856,2200.0,3.1
1000,2003-02-22T12:33:37.870000Z,34.313,-116.851,5800.0,3.2
1001,2003-02-22T12:28:36.500000Z,34.31,-116.848,5400.0,3.4
1002,2003-02-22T12:25:12.000000Z,34.2954,-116.872,5600.0,4.5
1003,2003-02-22T12:25:00.320000Z,34.312,-116.85,4800.0,3.2
1004,2003-02-22T12:23:10.610000Z,34.34,-116.853,100.0,3.1
1005,2003-02-22T12:22:38.860000Z,34.3084,-116.8423,13200.0,3.7
1006,2003-02-22T12:21:31.850000Z,34.2723,-116.8704,4400.0,4.3
1007,2003-02-22T12:20:13.210000Z,34.4108,-116.8448,4400.0,4.0
1008,2003-02-22T12:19:08.910000Z,34.2705,-116.9063,1200.0,5.2
1009,2003-02-19T21:00:57.890000Z,34.895,-119.357,13000.0,3.1
1010,2003-02-19T17:10:24.460000Z,34.893,-119.362,11900.0,3.4
1011,2003-02-09T07:05:11.930000Z,35.328,-118.669,2400.0,3.2
1012,2003-02-09T00:09:39.480000Z,35.327,-118.666,1500.0,3.0
1013,2003-02-03T08:42:16.780000Z,34.052,-117.251,15200.0,3.0
1014,2003-02-01T17:26:52.430000Z,33.745,-116.021,11000.0,3.2
1015,2003-02-01T10:01:25.700000Z,32.044,-117.577,9000.0,3.1
1016,2003-01-29T02:21:20.810000Z,35.331,-118.67,2100.0,3.0
1017,2003-01-26T05:30:22.570000Z,35.315,-118.651,4200.0,3.0
1018,2003-01-25T09:16:07.910000Z,35.1489,-118.7664,5600.0,4.4
1019,2003-01-25T09:11:01.250000Z,35.1955,-118.7815,5600.0,3.4
1020,2003-01-22T20:28:22.550000Z,33.895,-118.551,13500.0,3.0
1021,2003-01-18T10:43:37.630000Z,34.3,-118.578,2100.0,3.1
1022,2003-01-12T11:05:05.470000Z,35.323,-118.669,2200.0,3.0
1023,2003-01-05T17:31:37.830000Z,35.317,-118.644,3100.0,3.0
1024,2003-01-02T16:15:43.540000Z,35.2495,-118.6439,5800.0,3.6
1025,2003-01-01T21:02:54.000000Z,35.32,-118.661,5600.0,3.0
1026,2003-01-01T00:51:43.270000Z,33.3336,-118.9718,7000.0,3.5
1027,2002-12-29T19:36:07.230000Z,35.315,-118.656,2400.0,3.1
1028,2002-12-22T12:55:31.560000Z,33.8594,-116.236,14100.0,3.5
1029,2002-12-11T15:20:37.510000Z,33.949,-119.189,900.0,3.2
1030,2002-12-03T02:59:21.480000Z,33.993,-116.864,14300.0,3.0
1031,2002-12-01T17:49:17.000000Z,33.78,-116.12,2700.0,3.1
1032,2002-11-28T10:05:58.460000Z,34.805,-116.27,6300.0,3.0
1033,2002-11-27T18:48:00.950000Z,34.383,-116.465,3100.0,3.4
1034,2002-11-09T21:06:31.250000Z,35.949,-117.295,5300.0,3.1
1035,2002-11-08T23:19:05.750000Z,34.8529,-119.0874,21600.0,3.5
1036,2002-11-07T11:02:11.100000Z,34.803,-116.275,3700.0,3.1
1037,2002-10-31T23:59:37.000000Z,33.53,-116.94,6100.0,3.1
1038,2002-10-29T14:16:51.790000Z,34.7355,-116.2918,4600.0,4.0
1039,2002-10-24T17:18:31.530000Z,33.48,-116.5102,18400.0,3.8
1040,2002-10-22T07:15:24.320000Z,34.2756,-116.8616,7100.0,3.6
1041,2002-10-18T08:04:55.960000Z,34.707,-116.295,2300.0,3.0
1042,2002-10-18T04:45:42.110000Z,32.634,-118.08,7000.0,3.2
1043,2002-10-17T03:26:34.520000Z,33.482,-116.5,14900.0,3.1
1044,2002-10-16T20:22:00.710000Z,32.645,-118.074,25200.0,3.2
1045,2002-10-12T15:29:23.360000Z,33.747,-116.024,8800.0,3.0
1046,2002-10-05T07:16:22.540000Z,34.719,-116.291,5600.0,3.3
1047,2002-10-04T14:23:27.190000Z,34.709,-116.298,3000.0,3.4
1048,2002-09-29T17:46:08.660000Z,34.577,-116.266,3300.0,3.1
1049,2002-09-28T18:12:57.270000Z,35.972,-117.264,3100.0,3.7
1050,2002-09-28T18:11:28.360000Z,35.889,-117.296,3500.0,3.5
1051,2002-09-28T10:34:45.780000Z,35.894,-117.269,3700.0,4.1
1052,2002-09-21T21:26:15.730000Z,33.237,-116.108,14600.0,3.8
1053,2002-09-19T06:21:02.840000Z,34.824,-116.423,3500.0,3.8
1054,2002-09-17T15:00:02.950000Z,33.405,-116.706,16000.0,3.7
1055,2002-09-15T21:15:50.920000Z,34.054,-116.32,10500.0,3.3
1056,2002-09-06T01:27:06.600000Z,33.921,-117.769,11700.0,3.0
1057,2002-09-03T07:08:49.620000Z,33.713,-117.988,12900.0,4.3
1058,2002-08-13T18:03:25.610000Z,35.312,-119.447,14300.0,3.1
1059,2002-08-13T10:09:49.650000Z,34.167,-117.436,7300.0,3.0
1060,2002-07-31T08:31:45.700000Z,34.553,-116.47,3000.0,3.7
1061,2002-07-25T00:43:13.610000Z,34.128,-117.408,6100.0,3.7
1062,2002-07-01T22:03:59.660000Z,34.103,-116.651,10000.0,3.3
1063,2002-06-27T09:33:48.110000Z,32.076,-116.34,3200.0,3.0
1064,2002-06-19T00:26:25.830000Z,33.998,-118.351,13300.0,3.0
1065,2002-05-27T13:50:20.180000Z,33.908,-119.57,14500.0,3.0
1066,2002-05-11T05:16:34.950000Z,32.046,-116.316,4000.0,3.0
1067,2002-05-07T22:31:48.170000Z,35.715,-118.068,3200.0,3.4
1068,2002-05-03T09:59:59.080000Z,35.7,-118.085,2900.0,3.0
1069,2002-05-02T06:00:14.490000Z,35.654,-118.028,7600.0,3.0
1070,2002-05-01T23:02:28.280000Z,35.713,-118.078,2900.0,3.0
1071,2002-04-05T08:02:54.890000Z,34.478,-116.298,5600.0,4.2
1072,2002-03-30T13:50:50.120000Z,33.184,-116.745,3100.0,3.5
1073,2002-03-27T13:23:08.560000Z,34.525,-116.291,8800.0,3.0
1074,2002-03-23T12:27:32.700000Z,34.267,-116.774,3000.0,3.4
1075,2002-03-17T05:50:43.140000Z,33.873,-117.856,9500.0,3.2
1076,2002-03-17T05:46:14.280000Z,33.667,-119.326,7000.0,3.2
1077,2002-03-16T21:33:22.300000Z,33.706,-119.479,12000.0,4.8
1078,2002-03-15T17:39:25.660000Z,34.521,-116.293,5600.0,3.1
1079,2002-03-15T16:57:56.580000Z,34.519,-116.291,5600.0,3.4
1080,2002-03-14T18:41:27.420000Z,34.845,-116.352,7500.0,3.3
1081,2002-03-03T00:09:00.640000Z,35.422,-116.454,6800.0,3.2
1082,2002-02-24T06:21:49.420000Z,35.96,-117.69,4400.0,3.0
1083,2002-02-09T02:42:15.080000Z,32.094,-117.911,7000.0,3.2
1084,2002-02-07T05:29:31.560000Z,34.108,-116.705,7400.0,3.4
1085,2002-02-04T04:39:09.360000Z,33.013,-116.373,16100.0,3.6
1086,2002-01-30T18:57:58.970000Z,34.362,-118.661,12300.0,3.0
1087,2002-01-30T18:47:54.940000Z,34.173,-118.813,18500.0,3.5
1088,2002-01-29T20:27:27.130000Z,34.368,-118.661,13100.0,3.1
1089,2002-01-29T20:23:04.870000Z,34.255,-118.775,12600.0,3.6
1090,2002-01-29T13:18:21.710000Z,32.228,-116.993,7800.0,3.0
1091,2002-01-29T06:07:58.560000Z,34.251,-118.794,5800.0,3.4
1092,2002-01-29T06:00:36.960000Z,34.211,-118.78,14500.0,3.9
1093,2002-01-29T05:53:25.420000Z,34.224,-118.814,7400.0,4.2
1094,2002-01-29T05:53:08.500000Z,34.354,-118.651,13000.0,3.1
1095,2002-01-22T08:39:30.550000Z,34.54,-118.971,24200.0,3.3
1096,2002-01-07T03:22:02.710000Z,34.462,-116.483,3900.0,3.1
1097,2002-01-02T12:11:26.650000Z,33.307,-116.392,12500.0,4.2
1098,2002-01-01T21:23:58.260000Z,33.264,-116.142,5500.0,3.0
1099,2001-12-21T23:28:30.680000Z,32.076,-117.425,11100.0,3.4
1100,2001-12-20T16:04:07.860000Z,32.001,-117.382,7000.0,3.4
1101,2001-12-14T12:01:33.430000Z,33.893,-117.776,6900.0,3.3
1102,2001-12-11T21:40:34.990000Z,34.086,-116.675,9300.0,3.7
1103,2001-12-07T20:47:49.670000Z,34.41,-116.465,8700.0,3.4
1104,2001-11-23T17:06:43.490000Z,34.613,-116.278,5600.0,3.2
1105,2001-11-21T18:34:03.420000Z,34.675,-116.296,5600.0,3.0
1106,2001-11-12T17:12:11.000000Z,32.353,-118.106,6700.0,3.1
1107,2001-11-03T20:37:54.350000Z,34.154,-116.434,5400.0,3.0
1108,2001-11-03T19:53:56.870000Z,34.162,-116.434,9600.0,3.3
1109,2001-10-31T07:56:15.590000Z,33.473,-116.589,15200.0,5.2
1110,2001-10-31T02:17:06.740000Z,32.61,-116.155,7600.0,3.1
1111,2001-10-30T12:58:32.730000Z,34.352,-116.472,9400.0,3.4
1112,2001-10-29T00:05:49.070000Z,35.906,-117.596,3800.0,3.0
1113,2001-10-28T16:29:54.670000Z,33.93,-118.296,23600.0,3.0
1114,2001-10-28T16:27:42.740000Z,33.838,-118.348,9800.0,3.7
1115,2001-10-25T06:41:45.870000Z,33.286,-118.682,5600.0,3.1
1116,2001-10-23T20:57:06.210000Z,32.112,-117.335,13000.0,3.1
1117,2001-10-22T00:28:57.190000Z,34.057,-118.397,10800.0,3.0
1118,2001-10-17T05:53:58.290000Z,34.639,-116.231,3500.0,3.3
1119,2001-10-12T16:08:40.460000Z,33.501,-116.521,12600.0,3.1
1120,2001-10-11T18:56:50.250000Z,34.819,-116.354,2900.0,3.1
1121,2001-10-07T17:29:07.850000Z,34.094,-118.262,6900.0,3.0
1122,2001-10-02T06:46:29.380000Z,34.865,-116.402,4800.0,3.0
1123,2001-09-29T11:50:01.040000Z,34.99,-119.458,15100.0,3.0
1124,2001-09-29T06:51:05.790000Z,34.048,-116.77,13700.0,3.1
1125,2001-09-23T22:44:32.960000Z,33.509,-116.513,15100.0,3.0
1126,2001-09-20T23:43:23.660000Z,32.925,-117.77,7000.0,3.2
1127,2001-09-17T01:14:49.010000Z,33.923,-117.774,11800.0,3.1
1128,2001-09-10T17:40:08.590000Z,33.452,-116.63,9200.0,3.0
1129,2001-09-09T23:59:17.360000Z,34.041,-118.492,4900.0,4.2
1130,2001-09-08T04:25:13.870000Z,34.276,-117.5,13700.0,3.1
1131,2001-09-03T09:55:33.520000Z,33.377,-116.419,11200.0,3.1
1132,2001-09-01T23:05:56.100000Z,33.233,-116.378,9600.0,3.5
1133,2001-08-28T21:30:12.220000Z,33.647,-116.742,14100.0,3.4
1134,2001-08-22T13:06:25.830000Z,34.595,-116.271,5600.0,3.1
1135,2001-08-20T07:34:23.140000Z,34.044,-117.25,15700.0,3.0
1136,2001-08-20T01:26:31.770000Z,34.636,-116.314,5600.0,3.2
1137,2001-08-16T22:06:26.910000Z,32.676,-118.367,25200.0,4.0
1138,2001-08-16T20:36:59.640000Z,32.727,-118.393,31400.0,3.1
1139,2001-08-16T20:04:18.750000Z,32.76,-118.321,26300.0,3.3
1140,2001-08-16T18:04:31.820000Z,32.73,-118.384,9900.0,4.4
1141,2001-08-12T08:57:47.810000Z,32.489,-116.298,9900.0,3.4
1142,2001-08-12T08:57:32.010000Z,32.154,-117.34,7900.0,3.0
1143,2001-08-09T01:13:06.650000Z,32.768,-118.205,7000.0,3.0
1144,2001-08-04T19:05:55.460000Z,35.731,-118.482,4900.0,3.2
1145,2001-08-01T03:05:14.540000Z,35.923,-117.852,0.0,3.8
1146,2001-07-30T23:34:17.420000Z,35.98,-117.857,2700.0,3.7
1147,2001-07-28T20:19:29.450000Z,35.981,-117.865,2200.0,3.0
1148,2001-07-28T01:09:28.840000Z,36.0,-117.829,1700.0,3.7
1149,2001-07-27T05:24:44.250000Z,35.984,-117.877,4000.0,3.0
1150,2001-07-25T23:46:50.130000Z,34.288,-116.987,11400.0,3.0
1151,2001-07-24T13:43:17.570000Z,35.984,-117.861,1900.0,3.3
1152,2001-07-24T08:54:50.810000Z,35.981,-117.869,3000.0,3.2
1153,2001-07-23T21:02:46.210000Z,35.937,-117.912,1000.0,3.7
1154,2001-07-23T03:57:09.380000Z,35.935,-117.683,3100.0,3.0
1155,2001-07-22T08:13:58.030000Z,34.287,-116.988,8300.0,3.0
1156,2001-07-21T22:07:01.740000Z,35.992,-117.878,4100.0,3.1
1157,2001-07-21T19:57:53.250000Z,32.708,-116.066,4000.0,3.1
1158,2001-07-21T11:15:35.880000Z,35.989,-117.872,3200.0,3.4
1159,2001-07-20T14:40:15.210000Z,35.992,-117.874,3900.0,3.0
1160,2001-07-20T12:53:06.430000Z,35.919,-117.851,3400.0,3.9
1161,2001-07-20T02:21:28.480000Z,35.988,-117.871,3000.0,3.0
1162,2001-07-20T01:03:59.900000Z,35.952,-117.863,3900.0,3.8
1163,2001-07-19T20:42:35.700000Z,34.222,-117.509,10900.0,3.8
1164,2001-07-19T15:01:07.430000Z,35.95,-117.87,2000.0,3.2
1165,2001-07-19T10:56:24.000000Z,35.967,-117.847,2900.0,3.5
1166,2001-07-17T17:30:58.350000Z,35.998,-117.871,5300.0,3.3
1167,2001-07-17T12:59:58.750000Z,35.945,-117.899,400.0,4.6
1168,2001-07-17T12:56:31.180000Z,35.954,-117.865,2700.0,3.5
1169,2001-07-17T12:22:20.230000Z,35.912,-117.829,1900.0,3.6
1170,2001-07-17T12:07:25.760000Z,35.911,-117.883,700.0,5.2
1171,2001-07-16T03:21:39.570000Z,33.462,-116.417,14600.0,3.0
1172,2001-07-14T17:55:44.210000Z,35.993,-117.86,5300.0,3.4
1173,2001-07-14T17:32:48.570000Z,35.975,-117.826,3600.0,3.2
1174,2001-07-14T17:30:39.710000Z,35.954,-117.794,3700.0,3.8
1175,2001-07-14T17:30:28.190000Z,35.985,-117.896,2700.0,3.7
1176,2001-07-12T01:02:47.700000Z,35.75,-118.34,1300.0,3.0
1177,2001-07-08T17:04:27.740000Z,34.258,-116.76,4100.0,3.0
1178,2001-07-03T11:40:47.060000Z,34.221,-116.797,6800.0,3.1
1179,2001-06-20T22:30:43.850000Z,35.798,-118.041,7100.0,3.0
1180,2001-06-19T19:28:02.370000Z,33.974,-117.226,13700.0,3.0
1181,2001-06-12T12:08:23.810000Z,33.689,-116.816,15200.0,3.1
1182,2001-06-10T04:23:32.360000Z,35.997,-117.871,3200.0,3.0
1183,2001-06-09T02:34:00.810000Z,34.226,-117.464,14800.0,3.2
1184,2001-06-08T23:15:27.660000Z,34.569,-116.231,7000.0,3.1
1185,2001-06-06T04:12:43.210000Z,35.799,-118.045,9800.0,3.0
1186,2001-06-05T09:38:46.080000Z,33.678,-116.76,16400.0,3.1
1187,2001-05-26T00:37:09.840000Z,33.998,-116.561,11900.0,3.1
1188,2001-05-23T19:10:33.700000Z,33.978,-116.754,22400.0,3.8
1189,2001-05-23T07:03:00.530000Z,34.725,-116.301,5100.0,3.0
1190,2001-05-18T02:27:55.660000Z,35.802,-118.045,9200.0,3.0
1191,2001-05-18T01:24:24.600000Z,35.798,-118.045,7800.0,3.1
1192,2001-05-17T23:23:38.460000Z,35.794,-118.049,9100.0,3.1
1193,2001-05-17T22:56:45.220000Z,35.713,-118.032,8400.0,4.0
1194,2001-05-17T22:29:08.510000Z,35.803,-118.044,9600.0,3.0
1195,2001-05-17T21:53:44.610000Z,35.726,-118.019,4200.0,4.0
1196,2001-05-17T21:14:30.620000Z,35.796,-118.043,8100.0,3.0
1197,2001-05-17T20:47:57.700000Z,35.749,-118.018,5600.0,3.1
1198,2001-05-17T19:49:46.630000Z,35.799,-118.045,8000.0,3.0
1199,2001-05-14T17:13:28.950000Z,34.197,-117.443,10100.0,3.8
1200,2001-04-23T16:33:48.340000Z,35.966,-117.871,4800.0,3.1
1201,2001-04-14T14:51:22.140000Z,35.926,-118.333,5600.0,3.7
1202,2001-04-13T11:50:10.240000Z,33.806,-117.753,2800.0,3.2
1203,2001-04-08T01:25:28.550000Z,35.982,-117.817,3600.0,4.1
1204,2001-04-02T10:19:53.680000Z,33.355,-116.217,9200.0,3.5
1205,2001-03-29T15:54:34.680000Z,34.685,-116.311,11000.0,3.2
1206,2001-03-25T00:41:23.430000Z,33.993,-117.622,5500.0,3.4
1207,2001-03-24T09:06:56.340000Z,34.832,-116.31,5000.0,3.0
1208,2001-03-17T22:04:20.270000Z,35.747,-117.984,3600.0,3.5
1209,2001-03-14T01:19:41.320000Z,34.651,-116.288,12400.0,3.2
1210,2001-03-05T19:00:33.340000Z,33.315,-116.415,14000.0,3.1
1211,2001-03-04T07:16:50.450000Z,34.022,-117.003,11500.0,3.2
1212,2001-03-02T17:38:05.520000Z,34.312,-117.491,13300.0,3.2
1213,2001-02-26T00:11:29.130000Z,34.642,-116.286,12800.0,3.3
1214,2001-02-24T06:09:58.800000Z,35.087,-117.52,2200.0,3.2
1215,2001-02-21T17:52:20.850000Z,34.426,-116.288,5600.0,3.0
1216,2001-02-20T10:36:46.960000Z,33.692,-116.765,18100.0,3.1
1217,2001-02-19T17:21:17.390000Z,34.479,-116.194,5600.0,3.0
1218,2001-02-18T06:09:31.060000Z,33.631,-116.812,18500.0,3.3
1219,2001-02-16T03:12:06.560000Z,36.0,-117.699,600.0,3.0
1220,2001-02-14T19:25:02.480000Z,34.231,-116.973,5000.0,3.1
1221,2001-02-14T05:58:41.090000Z,34.282,-116.907,5200.0,3.0
1222,2001-02-13T06:11:46.970000Z,34.218,-116.932,6200.0,3.6
1223,2001-02-13T03:04:33.050000Z,34.141,-116.894,6200.0,3.5
1224,2001-02-11T10:41:17.080000Z,34.377,-117.097,11900.0,3.1
1225,2001-02-11T07:14:40.590000Z,34.342,-117.049,11300.0,3.2
1226,2001-02-11T00:39:14.370000Z,34.218,-116.904,8100.0,4.2
1227,2001-02-10T23:34:12.690000Z,34.243,-116.783,6900.0,3.2
1228,2001-02-10T21:35:09.720000Z,34.335,-117.064,11800.0,3.1
1229,2001-02-10T21:05:04.820000Z,34.225,-116.991,9100.0,4.6
1230,2001-02-10T19:42:52.970000Z,34.672,-116.267,5600.0,3.0
1231,2001-02-10T17:50:21.460000Z,33.805,-116.159,13900.0,3.4
1232,2001-02-05T11:54:18.150000Z,32.433,-117.88,8800.0,3.4
1233,2001-01-30T01:47:06.120000Z,33.881,-117.759,4900.0,3.0
1234,2001-01-27T07:18:09.050000Z,34.672,-116.274,17800.0,3.0
1235,2001-01-14T02:50:52.400000Z,34.178,-118.487,12800.0,3.6
1236,2001-01-14T02:26:12.200000Z,34.236,-118.512,5700.0,4.0
1237,2001-01-04T09:54:36.310000Z,32.017,-116.047,19600.0,3.1
1238,2000-12-27T00:27:11.720000Z,32.646,-118.191,6000.0,3.3
1239,2000-12-26T21:27:55.000000Z,34.288,-116.836,5900.0,3.0
1240,2000-12-26T10:52:32.930000Z,33.503,-118.201,6000.0,3.2
1241,2000-12-24T01:04:20.530000Z,34.861,-119.098,21600.0,4.4
1242,2000-12-23T15:09:19.080000Z,32.048,-116.426,6000.0,3.1
1243,2000-12-23T13:52:22.210000Z,34.385,-119.021,7800.0,3.1
1244,2000-12-23T09:08:51.400000Z,34.037,-117.271,8000.0,3.4
1245,2000-12-19T06:42:43.920000Z,35.082,-117.066,2000.0,3.0
1246,2000-12-19T02:21:21.320000Z,32.004,-116.311,6000.0,3.2
1247,2000-12-17T02:46:11.120000Z,35.566,-117.225,5700.0,3.4
1248,2000-12-11T18:04:26.970000Z,33.995,-116.714,13600.0,3.4
1249,2000-12-11T14:58:10.380000Z,35.256,-118.565,8100.0,3.0
1250,2000-12-10T19:37:05.160000Z,34.058,-117.26,11200.0,3.0
1251,2000-12-10T18:27:08.920000Z,34.031,-116.467,17600.0,3.2
1252,2000-12-02T08:28:05.980000Z,34.226,-116.785,8800.0,4.1
1253,2000-11-12T07:27:05.070000Z,34.99,-116.841,3200.0,3.0
1254,2000-11-01T18:23:50.930000Z,34.927,-116.372,4400.0,3.2
1255,2000-10-28T14:00:43.060000Z,33.921,-116.993,14400.0,3.1
1256,2000-10-26T11:53:59.430000Z,34.147,-116.466,16600.0,3.1
1257,2000-10-22T14:54:24.250000Z,35.452,-116.481,3600.0,3.6
1258,2000-10-22T14:54:10.690000Z,35.453,-116.521,9300.0,3.6
1259,2000-10-12T16:51:18.110000Z,34.518,-118.94,19500.0,3.7
1260,2000-10-11T19:30:46.260000Z,35.621,-119.561,6000.0,3.0
1261,2000-10-08T00:50:14.930000Z,34.814,-116.262,4800.0,3.2
1262,2000-10-08T00:17:49.440000Z,35.276,-119.094,7500.0,3.1
1263,2000-10-03T02:44:02.200000Z,35.74,-117.61,900.0,3.6
1264,2000-09-29T09:57:28.790000Z,33.224,-116.09,1300.0,3.4
1265,2000-09-26T16:58:38.200000Z,34.955,-116.371,11100.0,3.0
1266,2000-09-25T04:00:20.420000Z,34.098,-117.734,6800.0,3.1
1267,2000-09-24T18:34:39.390000Z,34.441,-116.254,6000.0,3.4
1268,2000-09-21T03:06:09.330000Z,34.532,-116.312,1700.0,3.2
1269,2000-09-20T18:57:35.540000Z,34.451,-116.274,3100.0,3.0
1270,2000-09-20T16:10:32.970000Z,35.992,-117.869,2400.0,3.8
1271,2000-09-19T10:17:37.220000Z,33.961,-116.829,19600.0,3.1
1272,2000-09-16T13:24:40.140000Z,33.965,-118.437,9100.0,3.3
1273,2000-09-16T06:28:07.070000Z,34.913,-116.411,2500.0,3.7
1274,2000-09-12T00:22:31.500000Z,34.879,-116.411,4100.0,3.1
1275,2000-09-07T19:34:17.090000Z,34.881,-116.387,3200.0,3.2
1276,2000-08-30T03:52:47.150000Z,35.605,-117.61,3700.0,3.5
1277,2000-08-28T06:00:59.590000Z,34.817,-116.328,7100.0,3.0
1278,2000-08-24T21:42:33.810000Z,32.274,-117.733,6000.0,3.0
1279,2000-08-21T21:28:47.660000Z,34.714,-116.309,4800.0,3.3
1280,2000-08-19T01:01:42.520000Z,33.14,-116.303,13800.0,3.7
1281,2000-08-17T04:43:45.440000Z,34.366,-116.472,2700.0,3.1
1282,2000-08-09T13:13:22.430000Z,34.713,-116.275,2100.0,3.1
1283,2000-08-02T23:01:50.580000Z,34.784,-116.255,6100.0,3.0
1284,2000-08-01T19:53:16.030000Z,33.828,-118.377,7500.0,3.0
1285,2000-08-01T13:40:38.730000Z,34.819,-116.22,6000.0,3.3
1286,2000-07-30T09:21:58.310000Z,34.039,-116.956,14800.0,3.2
1287,2000-07-29T03:01:54.530000Z,34.605,-119.068,11600.0,3.0
1288,2000-07-28T10:38:51.150000Z,32.033,-116.294,2600.0,3.2
1289,2000-07-23T23:56:00.630000Z,34.804,-116.131,1600.0,3.5
1290,2000-07-19T01:21:59.060000Z,34.814,-116.417,3200.0,3.1
1291,2000-07-17T06:50:34.680000Z,32.643,-116.084,7000.0,3.0
1292,2000-07-14T22:24:23.760000Z,34.856,-116.454,4900.0,3.8
1293,2000-06-30T09:40:57.440000Z,33.903,-116.648,4100.0,3.7
1294,2000-06-28T10:32:25.660000Z,34.777,-116.252,2600.0,3.0
1295,2000-06-28T04:53:13.970000Z,33.953,-117.0,17700.0,3.0
1296,2000-06-26T23:48:06.810000Z,34.8,-116.33,4600.0,3.1
1297,2000-06-26T15:50:05.170000Z,34.844,-116.336,4700.0,3.7
1298,2000-06-26T15:43:06.120000Z,34.774,-116.357,5700.0,4.2
1299,2000-06-24T14:04:39.560000Z,34.853,-116.409,4300.0,3.1
1300,2000-06-23T20:10:38.110000Z,35.602,-116.157,6000.0,3.1
1301,2000-06-12T03:15:00.890000Z,34.633,-116.361,7300.0,4.0
1302,2000-06-08T08:19:16.660000Z,35.743,-117.612,2700.0,3.1
1303,2000-05-31T11:12:26.070000Z,34.713,-116.365,2700.0,3.0
1304,2000-05-28T08:04:54.700000Z,32.099,-116.396,2700.0,3.1
1305,2000-05-27T03:35:33.410000Z,35.729,-117.575,800.0,3.5
1306,2000-05-25T17:15:20.400000Z,34.58,-116.181,1800.0,3.0
1307,2000-05-22T20:51:32.350000Z,34.599,-116.225,0.0,3.1
1308,2000-05-22T07:51:00.590000Z,32.605,-116.115,14100.0,3.0
1309,2000-05-21T06:27:35.920000Z,34.26,-116.86,5400.0,3.7
1310,2000-05-21T03:40:51.390000Z,34.656,-116.34,7800.0,3.3
1311,2000-05-20T20:51:41.350000Z,34.662,-116.254,3300.0,3.0
1312,2000-05-18T15:41:45.430000Z,34.683,-116.379,3000.0,3.2
1313,2000-05-18T09:41:36.110000Z,35.031,-118.346,3200.0,3.9
1314,2000-05-16T20:45:52.310000Z,34.717,-116.332,4200.0,3.4
1315,2000-04-25T08:16:17.450000Z,34.666,-116.258,1000.0,3.1
1316,2000-04-24T02:42:22.300000Z,34.67,-116.359,3000.0,3.4
1317,2000-04-23T08:48:38.220000Z,35.235,-118.559,3600.0,3.4
1318,2000-04-22T19:08:49.530000Z,34.583,-116.233,5500.0,3.0
1319,2000-04-22T10:25:05.630000Z,34.409,-116.279,20700.0,3.2
1320,2000-04-21T03:32:19.290000Z,34.459,-116.515,3800.0,3.3
1321,2000-04-16T21:32:51.990000Z,35.963,-117.79,2700.0,3.2
1322,2000-04-16T01:15:57.560000Z,34.739,-116.261,18000.0,3.7
1323,2000-04-10T16:55:58.870000Z,34.716,-116.347,2700.0,3.0
1324,2000-04-10T01:33:40.750000Z,34.792,-116.376,14900.0,3.6
1325,2000-04-09T06:52:03.840000Z,34.118,-117.471,14500.0,3.6
1326,2000-04-08T18:18:04.920000Z,34.893,-116.372,5100.0,3.1
1327,2000-04-07T15:24:28.460000Z,34.433,-116.27,2700.0,3.2
1328,2000-04-05T20:38:07.180000Z,34.503,-116.249,0.0,3.3
1329,2000-04-04T07:47:49.420000Z,32.097,-117.116,5400.0,3.6
1330,2000-04-03T18:59:53.370000Z,34.041,-116.322,5700.0,3.6
1331,2000-04-02T11:36:14.270000Z,32.105,-117.12,5300.0,3.3
1332,2000-04-01T11:10:11.660000Z,34.829,-116.4,4900.0,3.2
1333,2000-03-28T21:30:59.330000Z,35.968,-117.89,2600.0,3.3
1334,2000-03-28T18:50:23.770000Z,35.967,-117.851,1800.0,3.1
1335,2000-03-28T17:59:15.710000Z,35.984,-117.861,3500.0,3.1
1336,2000-03-28T15:22:11.660000Z,35.911,-117.838,3000.0,3.2
1337,2000-03-28T15:18:17.090000Z,35.97,-117.857,3000.0,3.5
1338,2000-03-28T15:16:15.330000Z,35.966,-117.884,0.0,3.8
1339,2000-03-26T07:34:14.120000Z,35.757,-117.616,3200.0,3.0
1340,2000-03-23T21:53:14.950000Z,34.598,-116.242,3100.0,3.0
1341,2000-03-22T15:51:31.350000Z,34.64,-116.268,3300.0,3.0
1342,2000-03-22T04:35:33.140000Z,34.318,-116.453,5700.0,3.2
1343,2000-03-16T04:35:17.190000Z,33.996,-118.763,14000.0,3.4
1344,2000-03-12T09:36:12.590000Z,34.67,-116.213,6000.0,3.0
1345,2000-03-11T21:46:06.850000Z,33.826,-117.709,3500.0,3.1
1346,2000-03-10T15:56:43.010000Z,34.03,-116.285,4300.0,3.4
1347,2000-03-09T17:02:35.700000Z,34.102,-117.458,5000.0,3.1
1348,2000-03-09T12:17:06.130000Z,34.813,-116.415,5600.0,3.0
1349,2000-03-08T22:45:22.980000Z,35.655,-117.603,1400.0,3.0
1350,2000-03-08T03:43:00.450000Z,34.499,-116.293,500.0,3.1
1351,2000-03-07T17:49:42.990000Z,33.813,-117.712,11100.0,3.1
1352,2000-03-07T10:35:38.480000Z,34.307,-116.758,2200.0,3.6
1353,2000-03-07T00:20:26.880000Z,33.7,-117.712,11300.0,4.0
1354,2000-02-24T10:41:32.160000Z,34.771,-116.408,4700.0,3.9
1355,2000-02-22T03:47:23.160000Z,34.036,-117.254,17200.0,3.1
1356,2000-02-21T13:49:42.070000Z,33.953,-117.281,20600.0,3.3
1357,2000-02-21T09:48:10.340000Z,35.653,-117.657,2500.0,3.0
1358,2000-02-14T12:38:14.760000Z,34.81,-116.391,3400.0,3.3
1359,2000-02-14T12:02:49.560000Z,34.784,-116.387,2300.0,3.0
1360,2000-02-14T09:57:40.780000Z,34.77,-116.401,7300.0,3.8
1361,2000-02-10T08:31:13.940000Z,34.784,-116.245,5100.0,3.1
1362,2000-02-06T18:17:43.540000Z,34.813,-116.329,9500.0,3.0
1363,2000-02-06T10:16:52.940000Z,32.676,-116.094,10900.0,3.1
1364,2000-01-31T22:00:11.890000Z,34.336,-116.195,4900.0,3.5
1365,2000-01-27T16:07:02.280000Z,34.401,-116.416,3700.0,3.6
1366,2000-01-26T11:02:03.110000Z,35.716,-117.969,8200.0,3.6
1367,2000-01-24T19:56:12.200000Z,35.727,-118.0,6900.0,3.4
1368,2000-01-23T12:34:22.410000Z,32.579,-118.256,6000.0,3.2
1369,2000-01-23T06:00:01.840000Z,34.866,-116.318,8800.0,3.5
1370,2000-01-23T05:38:15.400000Z,34.23,-116.439,6100.0,3.0
1371,2000-01-22T23:10:33.020000Z,34.321,-116.768,3700.0,3.0
1372,2000-01-21T17:07:59.580000Z,34.584,-116.262,600.0,3.0
1373,2000-01-21T13:56:11.240000Z,34.862,-116.36,6700.0,3.0
1374,2000-01-20T08:03:38.720000Z,34.302,-116.742,4100.0,3.4
1375,2000-01-15T17:16:53.520000Z,34.674,-116.313,1400.0,3.1
1376,2000-01-14T11:04:34.560000Z,32.045,-116.543,3700.0,3.0
1377,2000-01-13T11:04:56.390000Z,34.457,-116.166,1200.0,3.3
1378,2000-01-13T10:07:13.760000Z,34.566,-116.236,1300.0,3.2
1379,2000-01-12T17:13:16.610000Z,34.673,-116.334,6100.0,3.2
1380,2000-01-10T23:31:35.950000Z,34.826,-116.256,400.0,3.0
1381,2000-01-10T20:55:50.060000Z,34.777,-116.309,2000.0,3.0
1382,2000-01-03T21:59:31.080000Z,34.096,-116.982,9500.0,3.5
1383,2000-01-03T03:48:17.930000Z,34.56,-116.026,3000.0,3.0
1384,2000-01-02T17:58:32.230000Z,34.309,-116.081,1600.0,3.2
1385,2000-01-01T03:58:38.570000Z,34.835,-116.288,6500.0,3.1
